Barcode,pathology_annotation
AAACAATCTACTAGCA-1,carcinoma
AAACGAAGAACATACC-1,carcinoma
AAACTCGTGATATAAG-1,smooth_muscle
AAAGACCCAAGTCGCG-1,carcinoma
AAAGGGATGTAGCAAG-1,carcinoma
AAAGTCACTGATGTAA-1,carcinoma
AAAGTGTGATTTATCT-1,smooth_muscle
AAATAAGGTAGTGCCC-1,carcinoma_border
AAATAGCTTAGACTTT-1,smooth_muscle
AAATCGTGTACCACAA-1,carcinoma_border
AAATGATTCGATCAGC-1,smooth_muscle
AAATGGTCAATGTGCC-1,carcinoma
AAATGTGGGTGCTCCT-1,carcinoma
AAATTAACGGGTAGCT-1,carcinoma
AAATTCCAGGTCCAAA-1,carcinoma_border
AAATTGGTGAGAAGCA-1,smooth_muscle
AAATTTACCGAAATCC-1,carcinoma
AACACACGCTCGCCGC-1,carcinoma
AACATCGATACGTCTA-1,smooth_muscle
AACCAGTATCACTCTT-1,carcinoma
AACCGCTAAGGGATGC-1,smooth_muscle
AACCTAAAGCCGTCCG-1,carcinoma
AACCTGTCACGGAATT-1,carcinoma
AACGATAGAAGGGCCG-1,carcinoma
AACGATATGTCAACTG-1,smooth_muscle
AACGCATGATCTGGGT-1,smooth_muscle
AACGCGGTCTCCAGCC-1,carcinoma
AACGGACGTACGTATA-1,carcinoma
AACGTGATGAAGGACA-1,carcinoma
AACTAGCGTATCGCAC-1,carcinoma
AACTGGGTTCGAGCCG-1,carcinoma
AACTGGTGTGGGCCTT-1,carcinoma
AACTTTAGCTGCTGAG-1,carcinoma
AAGACTGCAAGCTACT-1,smooth_muscle
AAGGAGAACTTATAAG-1,carcinoma
AAGGATCGATCGCTTG-1,smooth_muscle
AAGGTATCCTAATATA-1,smooth_muscle
AAGGTGATAAACCAGC-1,smooth_muscle
AAGTAGAAGACCGGGT-1,carcinoma_border
AAGTTCAGTCTGCGTA-1,carcinoma
AAGTTTACTAATGGCA-1,carcinoma
AATAAGTCCTCGAGAC-1,carcinoma
AATAGAATCTGTTTCA-1,smooth_muscle
AATAGCTACCGCGTGC-1,smooth_muscle
AATCGCGCAGAGGACT-1,smooth_muscle
AATCGGGACACTACGA-1,carcinoma
AATCTATGCCGGAGCC-1,carcinoma
AATGACGTAGGATGTC-1,carcinoma
AATGACTGTCAGCCGG-1,smooth_muscle
AATGATGATACGCTAT-1,smooth_muscle
AATGCAACCGGGTACC-1,carcinoma
AATTAAAGGTCGGCGT-1,carcinoma
AATTCATAAGGGATCT-1,smooth_muscle
AATTGAACGCTCTGGT-1,carcinoma
ACAAACCGACAAGGCG-1,carcinoma
ACAAATCGCACCGAAT-1,smooth_muscle
ACAAATGGTAGTGTTT-1,carcinoma
ACAATCGATCTTTATA-1,carcinoma
ACACAAAGACGGGTGG-1,carcinoma
ACACACCAGGACCAGT-1,smooth_muscle
ACACCACATAATTAGC-1,carcinoma_border
ACACCCAGCATGCAGC-1,smooth_muscle
ACACCTTACTACTTGC-1,smooth_muscle
ACAGATTAGGTTAGTG-1,carcinoma
ACAGCATAGAGCCAGT-1,carcinoma
ACAGCGCACCCGCAGC-1,carcinoma
ACAGTATACCGTGGGA-1,smooth_muscle
ACATCGATCGTTTACC-1,smooth_muscle
ACATCGTATGCAATGG-1,carcinoma
ACATCGTTAACCTAGT-1,carcinoma
ACATCTCAACGCGTAA-1,carcinoma
ACATGGCGCCAAAGTA-1,smooth_muscle
ACCAAACACCCAGCGA-1,smooth_muscle
ACCAACACCACACACT-1,smooth_muscle
ACCAAGAACGCGTGTC-1,carcinoma
ACCACAACTCAGAACA-1,carcinoma
ACCACCAATGTAACAA-1,smooth_muscle
ACCACGTGCAGCTATA-1,carcinoma
ACCAGCCCGGTCTTTG-1,carcinoma
ACCAGGAGTGTGATCT-1,carcinoma
ACCAGTGCGGGAGACG-1,carcinoma_border
ACCATATCCGCAATAA-1,carcinoma
ACCCGGATGACGCATC-1,smooth_muscle
ACCCTCCCTTGCTATT-1,smooth_muscle
ACCCTGGTAACGCCCT-1,smooth_muscle
ACCCTTTAGTTCTCCA-1,carcinoma
ACCGAAAGGGCCCTGC-1,carcinoma
ACCGGGCCTTTGTTGA-1,smooth_muscle
ACCGTTCCCGCTCTGA-1,carcinoma
ACCTACAGTATGTGGT-1,smooth_muscle
ACCTCCGTTATTCACC-1,carcinoma_border
ACGAGATATTTGCTTA-1,carcinoma
ACGATACATAGAACTA-1,smooth_muscle
ACGATCATACATAGAG-1,carcinoma
ACGATCATCTTGTAAA-1,smooth_muscle
ACGCAATCACTACAGC-1,carcinoma
ACGCATTCGTGAGTAC-1,carcinoma
ACGCCAGATGATTTCT-1,smooth_muscle
ACGCCCAGCTGTCGAT-1,carcinoma
ACGCGGGCCAAGGACA-1,carcinoma_border
ACGCTTAGTGTCTCTC-1,carcinoma
ACGGAGCGCAAATTAC-1,carcinoma
ACGGCGACGATGGGAA-1,carcinoma_border
ACGGGCGTATGCGACA-1,smooth_muscle
ACGTCCTAAACGAGAT-1,carcinoma
ACGTGCGCCTCGTGCA-1,carcinoma
ACGTGGTCGAATGTGC-1,carcinoma
ACGTTAATGTCGAAGA-1,smooth_muscle
ACGTTCCGCGCTCCGT-1,carcinoma
ACGTTCGCAATCAATT-1,smooth_muscle
ACTATATGCTGTGTTC-1,carcinoma
ACTATCCAGGGCATGG-1,smooth_muscle
ACTCCCGAATTCGTTT-1,carcinoma_border
ACTCTCTTATACACGA-1,carcinoma
ACTGAATGGCGAAAGT-1,smooth_muscle
ACTGATTTAGTGATTC-1,carcinoma
ACTGCGGACACACCGT-1,carcinoma
ACTGTCCAGGATTATA-1,carcinoma
ACTGTTTAGTGTAGGC-1,carcinoma
ACTTATTAGGATCGGT-1,carcinoma
ACTTATTTATGTGCCA-1,smooth_muscle
ACTTGCCATATTGTAC-1,carcinoma
ACTTTACCCTCATGAA-1,carcinoma_border
AGACATAGATCCTTCC-1,carcinoma
AGACCCGCCCTCCTCG-1,carcinoma
AGACGAAGTGCCGGTC-1,carcinoma
AGACGGGATTGGTATA-1,carcinoma
AGAGAACCGTCTAGGA-1,smooth_muscle
AGAGGTATCTCGGTCC-1,carcinoma
AGATACCAGCACTTCA-1,smooth_muscle
AGATACTCAAGATCGA-1,carcinoma_border
AGATGACTCGCCCACG-1,carcinoma
AGATGATGGAGTCTGG-1,smooth_muscle
AGATTATAGGACGTTT-1,carcinoma
AGCATATCAATATGCT-1,carcinoma
AGCATCGTCGATAATT-1,smooth_muscle
AGCCACTCCCGTGCTT-1,smooth_muscle
AGCCCTTCTAATCCGA-1,carcinoma
AGCGACATCCCATTCA-1,carcinoma
AGCGACCAACGATATT-1,carcinoma
AGCGCGGGTGCCAATG-1,smooth_muscle
AGCGGTTGAGATGTAC-1,carcinoma
AGCGGTTGCCGCTCTG-1,smooth_muscle
AGCGTTCCGATTTAAA-1,carcinoma
AGCTAGAAGCAGAAGT-1,smooth_muscle
AGCTCTTCCCAGTGCA-1,smooth_muscle
AGCTCTTCGTAACCTT-1,smooth_muscle
AGCTGAAGTAAACCAA-1,smooth_muscle
AGCTTATAGAGACCTG-1,carcinoma
AGCTTCAATACTTTGA-1,carcinoma
AGGACAGTCGAATCCC-1,carcinoma
AGGATATAGGGATTTA-1,smooth_muscle
AGGCAGATGCGTAAAC-1,smooth_muscle
AGGCCCATTGTACAGG-1,carcinoma
AGGCGTCTATGGACGG-1,carcinoma
AGGGACAGCACGGCGG-1,carcinoma
AGGGACCGGCTGCGTT-1,smooth_muscle
AGGGCAGCGGCGTGGT-1,carcinoma
AGGGCTGCAGTTACAG-1,smooth_muscle
AGGGTCAGTAACCCTA-1,carcinoma
AGGGTTTAGTTCGGGA-1,carcinoma_border
AGGTATAATTGATAGT-1,carcinoma_border
AGGTTGAGGCACGCTT-1,smooth_muscle
AGGTTTCACACACCTT-1,smooth_muscle
AGTAACGTTCATCCTG-1,carcinoma
AGTAATGTCTTGCCGC-1,carcinoma
AGTACATCATTTATCA-1,carcinoma
AGTACGGGCACCTGGC-1,smooth_muscle
AGTACGTGGCCTGTCT-1,carcinoma
AGTAGCGTGAACGAAC-1,carcinoma
AGTCAAGATGACACTT-1,smooth_muscle
AGTCGGTTGCGTGAGA-1,smooth_muscle
AGTCTAAAGTATACTC-1,carcinoma
AGTCTTCTCCTCAAAT-1,carcinoma
AGTGAAGATGGTGTCC-1,smooth_muscle
AGTGACCTACTTTACG-1,smooth_muscle
AGTGAGGGTTTCTGAC-1,carcinoma
AGTGCTTGCACGAATA-1,smooth_muscle
AGTTAAGCGGTCCCGG-1,smooth_muscle
AGTTACTCTATCGTGG-1,smooth_muscle
AGTTATTGAAAGGTAA-1,carcinoma
AGTTCCTATTTATGTT-1,smooth_muscle
ATAAACCATTGGACGG-1,carcinoma
ATAAAGGCTCGGTCGT-1,carcinoma
ATAAAGGTCAAGTACG-1,carcinoma
ATAACGGAGTCCAACG-1,smooth_muscle
ATAAGTAGGGCGACTC-1,smooth_muscle
ATACCAGCAAATTGCT-1,carcinoma
ATACCAGGCTAATAGA-1,carcinoma
ATACCAGGTGAGCGAT-1,carcinoma
ATACCGTCATCCATAA-1,carcinoma
ATACGGGTTTCGATTG-1,smooth_muscle
ATACGTCCACTCCTGT-1,smooth_muscle
ATACTAGCATGACCCT-1,carcinoma
ATAGAGTACTGGGACA-1,smooth_muscle
ATAGTGAAGCGTTCTC-1,smooth_muscle
ATAGTTCCACCCACTC-1,smooth_muscle
ATATCAACCTACAGAG-1,smooth_muscle
ATATCGGTAGGGAGAT-1,smooth_muscle
ATATCGTGCCAGACCC-1,carcinoma
ATATCTCCCTCGTTAA-1,smooth_muscle
ATATCTTAGGGCCTTC-1,carcinoma
ATATTCCCACAGGTCA-1,carcinoma
ATCAATCTGGGCTGCA-1,smooth_muscle
ATCACATTAGAATATC-1,smooth_muscle
ATCAGTAGGCAGGGAT-1,smooth_muscle
ATCATCCAATATTTGT-1,carcinoma
ATCATCTGCCCAGTGT-1,carcinoma
ATCCACGCTAAATGTT-1,carcinoma
ATCCTGCTGCAGATAG-1,carcinoma
ATCGACCCAATACAGA-1,smooth_muscle
ATCGACTCTTTCCGTT-1,carcinoma
ATCGCACGCCGGGAGA-1,carcinoma
ATCGCTGCGTGCAGCA-1,smooth_muscle
ATCTGGTTAAGACTGT-1,smooth_muscle
ATCTGTAATTGTACCC-1,carcinoma
ATCTTGACTTGTCCAA-1,carcinoma
ATGAAGCCAAGGAGCC-1,smooth_muscle
ATGACGCCGGCTCTAA-1,carcinoma
ATGACTATGCGACATT-1,smooth_muscle
ATGATCGGGAATAGAC-1,carcinoma
ATGCATGATCCAGGAT-1,carcinoma
ATGCATTCCGTGATGG-1,carcinoma
ATGCCAATCGCTCTGC-1,smooth_muscle
ATGCCATTTGCGACCA-1,carcinoma_border
ATGCCGGTTGATGGGA-1,smooth_muscle
ATGCGACAATTGGTCC-1,carcinoma
ATGGAACCTTTGCACA-1,carcinoma
ATGGAGCAGGCCGTGA-1,smooth_muscle
ATGGATCCGGCGTCCG-1,smooth_muscle
ATGGATTGACCAAACG-1,carcinoma
ATGGGAACGGAAGCGG-1,carcinoma
ATGGGCCTCGGCCTCT-1,smooth_muscle
ATGGTCGCGTGGTTTC-1,carcinoma_border
ATGGTGCTCAAAGCCA-1,carcinoma
ATGTAAGGCTGCTCTT-1,carcinoma_border
ATGTGCATCCGACGCA-1,carcinoma
ATGTGTAGTTTAGTCA-1,carcinoma
ATTAAACATGCGGACC-1,smooth_muscle
ATTAATACTACGCGGG-1,carcinoma
ATTAATGAACCAGTCG-1,smooth_muscle
ATTACGACTCCACAGT-1,smooth_muscle
ATTACTTACTGGGCAT-1,smooth_muscle
ATTAGATTCCTCAGCA-1,carcinoma
ATTAGATTGATAGCGG-1,carcinoma_border
ATTATACTTTGCTCGT-1,smooth_muscle
ATTATAGCTACTTTAC-1,smooth_muscle
ATTATCTCGACAGATC-1,carcinoma
ATTATGCCATAGGGAG-1,carcinoma_border
ATTCAGGATCGCCTCT-1,carcinoma
ATTCCTAAGACGTGGA-1,carcinoma
ATTCGTGCTATCTCTT-1,smooth_muscle
ATTCTCGTCTCTTTAG-1,carcinoma
ATTCTGAGTATGAACT-1,carcinoma
ATTCTTCGTACTTATG-1,carcinoma
ATTGACCGGCGATGAC-1,smooth_muscle
ATTGGGAATATCTTGG-1,carcinoma
ATTGTACAACTCGGCT-1,smooth_muscle
ATTGTCGCAATACCTT-1,smooth_muscle
ATTTACTAAGTCCATT-1,carcinoma
ATTTGCCTAGTTACGA-1,carcinoma
CAAACGTGGTCTTGCG-1,carcinoma
CAAATGCGGAGTGTTC-1,carcinoma
CAAATTGGATTATGCC-1,smooth_muscle
CAACACATCTCCTGCC-1,carcinoma_border
CAACGACCCGTTTACA-1,smooth_muscle
CAACTATATCGAATGC-1,smooth_muscle
CAACTCCAACGTTTAG-1,carcinoma
CAACTCCTTGATCCCG-1,carcinoma
CAAGATATTATAACGT-1,smooth_muscle
CAAGGATCGCATGTTC-1,smooth_muscle
CAAGGTCCTATAGGCT-1,carcinoma_border
CAAGTGAACTTTGGTT-1,carcinoma
CAATGGTCGGCCTGGG-1,carcinoma
CAATGTGCCAACCCTT-1,carcinoma_border
CAATTTCGTATAAGGG-1,carcinoma_border
CACAAGAAAGATATTA-1,carcinoma
CACAATGAGCTGCTAT-1,carcinoma_border
CACACGTTTCAATGGG-1,carcinoma
CACAGCTAGGGAGTGA-1,carcinoma
CACATGATTCAGCAAC-1,carcinoma_border
CACATTCTTTCGATGG-1,smooth_muscle
CACCCAAATCTTATGT-1,smooth_muscle
CACCCACGAGGCAATT-1,smooth_muscle
CACCGATACACCGAGC-1,carcinoma
CACCGCCAGAAGGTTT-1,carcinoma
CACCGCGTCCACTCTA-1,carcinoma
CACCTAATCAGTTTAC-1,smooth_muscle
CACCTTGCGAAACTCG-1,smooth_muscle
CACGACTAAAGTTCTG-1,carcinoma
CACGATTGGTCGTTAA-1,carcinoma
CACGGCGCGCCAAAGG-1,smooth_muscle
CACTAAAGTTGCCTAT-1,carcinoma
CACTACTCAGTTCTGT-1,carcinoma
CACTCAAGAGCTATGG-1,carcinoma
CACTCCTCTCGGTCGG-1,smooth_muscle
CAGATACTAACATAGT-1,smooth_muscle
CAGATCATTTAAAGTC-1,smooth_muscle
CAGCCCTCACAGGCAG-1,carcinoma
CAGCCTCCTGCAGAGG-1,smooth_muscle
CAGCTCACTGAGACAT-1,carcinoma
CAGGATATATCGTTGT-1,carcinoma_border
CAGGATCCGCCCGACC-1,carcinoma
CAGTAACTATTTATTG-1,carcinoma
CAGTACATTCTCTAAA-1,smooth_muscle
CAGTAGCCCACGCGGT-1,smooth_muscle
CAGTCTGTATACTGGG-1,smooth_muscle
CAGTGAATAAATGACT-1,smooth_muscle
CATAATGAGCGGGCGA-1,carcinoma
CATACGGCGTCTGGGC-1,carcinoma_border
CATACTATGTAATTGT-1,carcinoma
CATACTTAGGCAATAC-1,carcinoma_border
CATAGTACATTGAGAG-1,smooth_muscle
CATAGTAGCATAGTAG-1,carcinoma
CATATACTACTGATAA-1,carcinoma
CATATAGGTACAGTCA-1,smooth_muscle
CATATTATTTGCCCTA-1,carcinoma
CATCAAACTGGCGCCC-1,smooth_muscle
CATCATTACCCTGAGG-1,carcinoma
CATCGGACGGGTTAAT-1,smooth_muscle
CATCTATCCCGTGTCT-1,carcinoma
CATCTTACACCACCTC-1,smooth_muscle
CATGACTTCGCTGAAT-1,smooth_muscle
CATGCACGTGTTACTG-1,carcinoma
CATGGCAGGAAGATCG-1,carcinoma
CATGGGTCGGGTGTGG-1,smooth_muscle
CATGTAGGAGCGCCAA-1,carcinoma
CATGTCTCATTTATGG-1,smooth_muscle
CATTATGCTTGTTGTG-1,carcinoma
CATTCCCATTCCGTCG-1,carcinoma_border
CATTGATGAACACGCC-1,smooth_muscle
CATTGCAAAGCATAAT-1,carcinoma
CATTGCGGGTCAATTC-1,carcinoma
CATTTAGCGGACCATG-1,smooth_muscle
CATTTATCGTTCAAGA-1,carcinoma
CCAAACAGAACCCTCG-1,carcinoma_border
CCAAGACTTCTGCGAA-1,carcinoma
CCAATCGGTAGATCGA-1,smooth_muscle
CCAATGTCACAGCAAG-1,carcinoma
CCAATTACGGGTCGAG-1,smooth_muscle
CCAATTGAATGTTAAT-1,carcinoma_border
CCACACTGAGATATTA-1,carcinoma
CCACAGTACCCATCCT-1,carcinoma_border
CCACGAATTTAACCTC-1,smooth_muscle
CCACGAGAAGAGAATC-1,smooth_muscle
CCACGGTGCCCGGTAG-1,smooth_muscle
CCACGTAAATTAGACT-1,carcinoma
CCACTATCCGGGTCAC-1,carcinoma
CCAGCCTGGACCAATA-1,smooth_muscle
CCAGGGACGTGGCCTC-1,carcinoma
CCAGTCTAGACGGCGC-1,smooth_muscle
CCATAGGTTGGCGTGG-1,carcinoma
CCATGCCTGTTTAGTA-1,carcinoma
CCCAAGAATGCACGGT-1,carcinoma
CCCAAGACAGAGTATG-1,carcinoma
CCCAGAGGAGGGCGTA-1,smooth_muscle
CCCAGTTAAGGCGCCG-1,carcinoma
CCCGACCATAGTCCGC-1,smooth_muscle
CCCGCTAGAGGGTTAA-1,carcinoma
CCCGTCAGCGTCTGAC-1,smooth_muscle
CCCTCGGGAGCCTTGT-1,carcinoma
CCCTGGTATGGGCGGC-1,carcinoma
CCGACTCGCATAGTCT-1,carcinoma
CCGAGCTGTGCTTGTC-1,smooth_muscle
CCGAGGGATGTTAGGC-1,carcinoma
CCGATCTCAACCTTAT-1,smooth_muscle
CCGCTGGTGCCATTCA-1,carcinoma
CCGGAGGTCTTATGGT-1,smooth_muscle
CCGGCACGACCGTTTC-1,carcinoma_border
CCGGGACCCGCAGAGA-1,carcinoma
CCGGTAATGGCTAGTC-1,carcinoma_border
CCGTATTAGCGCAGTT-1,carcinoma
CCGTGAGGCATTCATG-1,carcinoma
CCGTGGAACGATCCAA-1,carcinoma
CCGTTACGTTAGAACA-1,smooth_muscle
CCTAAACAGGGTCCGT-1,carcinoma
CCTAAAGGCTGACGCT-1,smooth_muscle
CCTAAATTAACGGTTC-1,smooth_muscle
CCTAACCCAAACAAGT-1,carcinoma_border
CCTAACTAAGGCTCTA-1,smooth_muscle
CCTACGCGACCTTACA-1,carcinoma
CCTACTGCTTACACTT-1,carcinoma_border
CCTATCTATATCGGAA-1,smooth_muscle
CCTATGAAGTGGTGCC-1,smooth_muscle
CCTCCCGACAATCCCT-1,carcinoma
CCTCGACCCACTGCCT-1,carcinoma
CCTCGCCAGCAAATTA-1,smooth_muscle
CCTCGGACCGGGATAG-1,smooth_muscle
CCTCTAATCTGCCAAG-1,smooth_muscle
CCTGACCACCGATGGT-1,carcinoma
CCTGACGCAACCTTTA-1,carcinoma
CCTGCTATTTGAGAAG-1,carcinoma_border
CCTGGAAACGTTCTGC-1,smooth_muscle
CCTGTCCCTCACGTTA-1,carcinoma_border
CCTGTCGCCCGTAAAT-1,carcinoma
CCTTCTTGATCCAGTG-1,smooth_muscle
CGAACAGTATGGGCGT-1,carcinoma
CGAAGACTGCCCGGGA-1,carcinoma
CGAAGCTATAAATTCA-1,carcinoma
CGACACGCTCCGACAG-1,smooth_muscle
CGACATGCGATCTTCT-1,carcinoma
CGACTCAGGATGTTAT-1,smooth_muscle
CGACTTTGTATAGCCT-1,carcinoma_border
CGAGACCCTAGAGTGT-1,smooth_muscle
CGAGGAGCTTCCATAT-1,smooth_muscle
CGAGTTCTGTCCCACC-1,smooth_muscle
CGATACCTCGCGGACA-1,carcinoma
CGATCCGACCCAGTGC-1,carcinoma
CGCAGAAACATTTGCG-1,carcinoma
CGCAGATCTTCACCCG-1,carcinoma
CGCATCATGGCTTCAG-1,carcinoma
CGCATGGTGCGATGCT-1,smooth_muscle
CGCATTAGCTAATAGG-1,carcinoma
CGCCATCCGATTATGA-1,smooth_muscle
CGCCCGCTTCCGTACA-1,smooth_muscle
CGCGAGAGGGACTTGT-1,carcinoma
CGCGCCCGACTTAATA-1,smooth_muscle
CGCGGTCACAAACCAA-1,carcinoma
CGCGTCATATTAAACC-1,carcinoma
CGCGTTCATGAAATAC-1,carcinoma
CGCTACGGGACATTTA-1,carcinoma
CGCTAGAGACCGCTGC-1,smooth_muscle
CGCTATTCTTAGGCTC-1,carcinoma
CGCTCGACATAATGAT-1,smooth_muscle
CGCTGGTGACTACCCT-1,carcinoma_border
CGCTGTGACGCCGCAC-1,smooth_muscle
CGGAAATTTCACATCC-1,carcinoma
CGGAGCATGGCGATCC-1,carcinoma_border
CGGAGCTTATAACACC-1,carcinoma
CGGCCACGCACAAAGT-1,carcinoma
CGGCTCTTCGTCGAAC-1,carcinoma
CGGCTTTGTATGATAA-1,carcinoma
CGGGAGCTTCAGTGTA-1,carcinoma_border
CGGGATCAATGTAAGA-1,carcinoma
CGGGCAGCTAAACCGC-1,carcinoma
CGGGCCTTCTTTGTAA-1,smooth_muscle
CGGTACTAGAATCAAA-1,carcinoma
CGGTAGAGGTGCAGGT-1,smooth_muscle
CGGTCAAGTGGGAACC-1,smooth_muscle
CGGTCCATGAGACTCC-1,smooth_muscle
CGGTCTATCAACCCGT-1,smooth_muscle
CGTAGCGCCGACGTTG-1,carcinoma
CGTATTAAGAGATCTA-1,carcinoma
CGTCAGTGCGCACAAG-1,carcinoma
CGTCAGTTTATCGTCT-1,carcinoma
CGTCTGGAAGGGCCCG-1,carcinoma
CGTGAAGTTAATTCAC-1,carcinoma_border
CGTGACATTGGGTCGT-1,smooth_muscle
CGTGCCCGACATTTGT-1,carcinoma
CGTGTGTTAAACCCTG-1,smooth_muscle
CGTTCTTCGCACACCT-1,smooth_muscle
CGTTGTAAGATTGATT-1,carcinoma
CGTTTACAAGGCAGCT-1,smooth_muscle
CGTTTCACTTCGGGCG-1,smooth_muscle
CGTTTCGCTCATTACA-1,carcinoma
CTAAACGGGTGTAATC-1,carcinoma
CTAAAGGGAAATAGGA-1,carcinoma_border
CTAAATCCTATTCCGG-1,smooth_muscle
CTACGAACTAGGTCGA-1,carcinoma
CTACGCACGGAGTACC-1,carcinoma
CTACTGCCACCTGACC-1,carcinoma
CTAGATGTGAGTGTAA-1,smooth_muscle
CTAGCATAGTATAATG-1,smooth_muscle
CTAGCCGATGTTATGA-1,carcinoma
CTAGGCGCCCTATCAG-1,carcinoma
CTAGGTCTGAAGGAAT-1,smooth_muscle
CTAGTCACGTCTTAAG-1,smooth_muscle
CTATGTCTATTGAAAC-1,carcinoma
CTCAAGACATTAGCGC-1,carcinoma
CTCATTTGATGGGCGG-1,carcinoma
CTCCGGCCTAATATGC-1,carcinoma
CTCCTTTACGCAAGTC-1,carcinoma
CTCGGTCCGTAGCCTG-1,carcinoma_border
CTCGTTTCTAATGTTT-1,smooth_muscle
CTCTAATGCATTGATC-1,carcinoma
CTCTCGATGTGCGCCT-1,carcinoma
CTCTGGACGCCTGGTG-1,carcinoma_border
CTCTGTGCCTGCTATG-1,carcinoma
CTGAATTTATTGCCAG-1,smooth_muscle
CTGCCAAGGTTGGAAG-1,smooth_muscle
CTGCCATGCATCACAT-1,carcinoma_border
CTGCCTAGCCACCAAG-1,carcinoma
CTGCCTCATATGCAAC-1,carcinoma_border
CTGCGTTACGATATAA-1,smooth_muscle
CTGCTTTATGTCCGCG-1,smooth_muscle
CTGGAAGACACGGTGG-1,carcinoma
CTGGCGACATAAGTCC-1,smooth_muscle
CTGGCTGATTCATCCT-1,smooth_muscle
CTGGGATACGCTACCC-1,carcinoma
CTGGGATCGCCCAGAT-1,carcinoma
CTGGGCGGCCAAATGT-1,carcinoma
CTGGGTAGGCAGTTAA-1,carcinoma
CTGGTAACACATAGAA-1,smooth_muscle
CTGGTCCTAACTTGGC-1,carcinoma
CTGGTTTCGAGCAAGA-1,smooth_muscle
CTGTACTTCTTAGCAT-1,carcinoma
CTGTCAAATGGCTCGG-1,smooth_muscle
CTGTTCACTGCCTGTG-1,carcinoma
CTTAGCCTTCCACATG-1,smooth_muscle
CTTAGTAGGCCTACAG-1,smooth_muscle
CTTCATTGTCAGTGGA-1,carcinoma
CTTGACCCGAAAGATA-1,carcinoma
CTTGTACTTGTTGACT-1,smooth_muscle
CTTGTGCTCACCGATT-1,smooth_muscle
CTTTACCGAATAGTAG-1,carcinoma_border
CTTTAGGAACACTGTT-1,smooth_muscle
CTTTAGTGCTATTATT-1,carcinoma_border
GAAAGAACAGCGTTAT-1,smooth_muscle
GAAATACCTGCTGGCT-1,carcinoma
GAAATATGCTTGAATG-1,carcinoma
GAAATTGTCTCTATAA-1,smooth_muscle
GAACACACATCAACCA-1,smooth_muscle
GAACCATCTGGGAGAC-1,carcinoma
GAACGACCGAATGATA-1,carcinoma
GAAGACTTCAATGCCG-1,carcinoma
GAAGCGTGAGGAATTT-1,carcinoma
GAAGTGATTTATCGTG-1,carcinoma
GAATAGACGCGACCCA-1,carcinoma_border
GAATAGCCCTGCGGTC-1,carcinoma
GAATCTATACTCGGAC-1,carcinoma
GAATCTGAACATTCTC-1,smooth_muscle
GAATGAAGGTCTTCAG-1,smooth_muscle
GAATGTGGTCCGGATT-1,carcinoma
GACAACGACCATTGAA-1,smooth_muscle
GACAACGCAGCTTACG-1,carcinoma
GACAGCCAGACCTGAC-1,carcinoma_border
GACCCGTCGCCGGCTA-1,carcinoma
GACCGACGTGAAAGCA-1,smooth_muscle
GACCGTGCTGACGGTG-1,carcinoma
GACGGACCGCGTTCCT-1,carcinoma
GACGTTCGTAAATACA-1,carcinoma
GACTAACACAGCACCT-1,carcinoma
GACTAAGATCATGCAC-1,carcinoma_border
GACTACAATTGCTCGT-1,carcinoma
GACTCACCCACGTGAG-1,smooth_muscle
GACTGCACCAGCCCAG-1,carcinoma
GAGACTGATGGGTAGA-1,carcinoma
GAGATCTTCCATGACA-1,carcinoma
GAGCCACGGTAGTAGG-1,carcinoma
GAGCCGAGCGTTTATT-1,smooth_muscle
GAGCGCGCACGAGTAG-1,carcinoma
GAGCTGTCGTCTCGGA-1,smooth_muscle
GAGGAGTAATTCCTAC-1,carcinoma
GAGGATAAACAGTGCT-1,smooth_muscle
GAGGCATTTGCAGCAG-1,smooth_muscle
GAGTGTGCGGTACCCA-1,carcinoma_border
GATATGCGGTAGCCAA-1,smooth_muscle
GATATTGAGATTGGCG-1,smooth_muscle
GATATTTCCTACATGG-1,smooth_muscle
GATCCCTTTATACTGC-1,carcinoma
GATCCTCTTGCGCTTA-1,carcinoma
GATCGACACTATCTGA-1,carcinoma_border
GATCGCGGGCTCTCCA-1,carcinoma
GATGACGATGATCGCG-1,smooth_muscle
GATGCGTCCTGCATTC-1,carcinoma
GATGCTACAAGCGCCT-1,carcinoma
GATGGTGCCCTAGGCA-1,carcinoma
GATGTGTTGTCACAAG-1,carcinoma
GATTCCGCGTTTCCGT-1,smooth_muscle
GATTGACACTCTGCTC-1,carcinoma
GCAAACCCTACATTAT-1,smooth_muscle
GCACTCCCACAGTCCC-1,carcinoma
GCAGACCCAGCACGTA-1,smooth_muscle
GCAGATCCATAAGACT-1,carcinoma
GCAGATTAGGGATATC-1,carcinoma
GCAGCCTATATCACAT-1,carcinoma
GCAGCTATGGACAGGT-1,carcinoma
GCATAGAGCACTCAGG-1,carcinoma
GCATTTCCAAGGCTCC-1,carcinoma_border
GCCAATAGGGCATCTC-1,carcinoma
GCCAGGAGTAACCGAT-1,smooth_muscle
GCCAGGCGTTCGCATG-1,carcinoma
GCCATATTGCACACAG-1,smooth_muscle
GCCATCGATGCTGCAT-1,carcinoma
GCCCAGATGCTGGAGA-1,carcinoma
GCCCATGGGTGCAATG-1,carcinoma
GCCGATTGGCCAAGCT-1,smooth_muscle
GCCGGAAACACATCTT-1,carcinoma
GCCGGGTTAGGGTCGC-1,smooth_muscle
GCCGTGGAAGAAATGT-1,carcinoma_border
GCCTATGCTGGGCCTT-1,smooth_muscle
GCCTATTTGCTACACA-1,carcinoma
GCCTTCAGCCCTACCG-1,carcinoma
GCGAAACTTAACTGGA-1,carcinoma
GCGACATGTAAACATC-1,smooth_muscle
GCGAGAGGCCATGTAA-1,smooth_muscle
GCGAGAGTTGCGTCCA-1,carcinoma_border
GCGAGCGCATGCTCCC-1,smooth_muscle
GCGAGGCCCGAGCAGA-1,carcinoma
GCGAGTTCTGCAAAGA-1,carcinoma_border
GCGCCGTTCCACGATA-1,smooth_muscle
GCGCGATGGGTCAAGT-1,carcinoma
GCGCTAAGTATGCATG-1,carcinoma
GCGCTGATCCAGACTC-1,smooth_muscle
GCGGAGAGGGAGAACG-1,carcinoma
GCGGGAACCAGGCCCT-1,carcinoma_border
GCGGTCCCGGTGAAGG-1,smooth_muscle
GCGGTGAACTGCGCTC-1,smooth_muscle
GCGTAAATGGCCATAA-1,smooth_muscle
GCGTGTATGTCGTATT-1,carcinoma
GCGTTCGGAGACCGGG-1,carcinoma
GCTAATACCGAATGCC-1,smooth_muscle
GCTACTATAGTAGAGT-1,carcinoma
GCTAGCAGGGAGTGGG-1,carcinoma
GCTAGTAGAGCTTGTA-1,carcinoma_border
GCTCCGCTCGCTTCAG-1,smooth_muscle
GCTCGGAATTTAAAGC-1,smooth_muscle
GCTCTAAACCCTGACG-1,carcinoma
GCTCTCGGGTACCGAA-1,carcinoma
GCTGAGGCGTGAGTAT-1,smooth_muscle
GCTGGACCCAAAGTGG-1,smooth_muscle
GCTGTCTGTGATCGAC-1,carcinoma
GCTTAATGTAACTAAC-1,carcinoma_border
GCTTACGTAGTTAGTA-1,carcinoma_border
GCTTGCAGCACAATTG-1,smooth_muscle
GGAAACCTTGTTGAAT-1,smooth_muscle
GGAAAGTGCCCATGCC-1,smooth_muscle
GGAATAACCTCAAGAA-1,carcinoma
GGACCTACGGTAACGT-1,carcinoma
GGACGTCCATAGTTGG-1,carcinoma
GGAGACCAATGTGCTT-1,smooth_muscle
GGAGACGACACCTTTG-1,smooth_muscle
GGAGCACCAAGAACTA-1,smooth_muscle
GGAGGATTGAAAGGAG-1,carcinoma
GGAGGCCGAAGTCGTC-1,carcinoma_border
GGAGTGCCGCCCTGGA-1,carcinoma
GGATACTCATGAATTG-1,carcinoma
GGATCAAAGGACGAGG-1,carcinoma
GGATCATCCCGTACGC-1,smooth_muscle
GGATTAAGCTAAGGTC-1,carcinoma
GGATTCCGCTATACCC-1,smooth_muscle
GGCAAATTACTTTACT-1,carcinoma_border
GGCAAGCCAGGGATAG-1,smooth_muscle
GGCATATCGGTTCTGC-1,smooth_muscle
GGCATCAACGAGCACG-1,carcinoma
GGCCACAAGCGATGGC-1,carcinoma
GGCCCGGAGCATGTCT-1,carcinoma_border
GGCGAAATCTAACTTG-1,carcinoma_border
GGCGCATGAATTGATG-1,smooth_muscle
GGCGTACCCTATATAA-1,carcinoma
GGCTAAAGGGCGGGTC-1,carcinoma
GGCTGAAATAGCAAAG-1,smooth_muscle
GGGAATGAGCCCTCAC-1,carcinoma
GGGACTGCATAGATAG-1,carcinoma
GGGAGGATGCCCGAAA-1,carcinoma
GGGATCCCAATACAAA-1,smooth_muscle
GGGATTTACCGCACCT-1,carcinoma_border
GGGCCCGTCTTAAACA-1,carcinoma_border
GGGCGATATGTGTGAA-1,carcinoma
GGGCGCAGCGTTACTC-1,carcinoma_border
GGGCGTACATTTATAT-1,carcinoma
GGGCGTCCACTGGCTC-1,smooth_muscle
GGGCTCATCGAACCCA-1,smooth_muscle
GGGTCGTGGCAAGTGT-1,carcinoma
GGGTGCATATGAAAGC-1,carcinoma
GGTACAAACATGCTAT-1,carcinoma_border
GGTATAGTGACACATA-1,carcinoma_border
GGTATTGCCGAGTTTA-1,carcinoma
GGTGAAACCGGGAATG-1,carcinoma
GGTGTTCTGTTTCTAC-1,carcinoma
GGTTAGCTATATGTCT-1,smooth_muscle
GGTTCCACCCGCTTCT-1,carcinoma
GGTTCTACTCGTCTGA-1,smooth_muscle
GGTTGTATCGTGAAAT-1,carcinoma
GTAAGCGGGCAGTCAG-1,carcinoma
GTAATAAAGGGCTCCC-1,carcinoma_border
GTACACTTACCTGAAG-1,carcinoma_border
GTACGAGATTGCGACA-1,carcinoma
GTACTAAGATTTGGAG-1,carcinoma
GTACTGAGGTCGTAAC-1,carcinoma
GTAGACAACCGATGAA-1,carcinoma
GTAGCGCTGTTGTAGT-1,carcinoma
GTAGCGGCTATACACT-1,carcinoma_border
GTAGCTAGTAAGCGCG-1,carcinoma
GTAGGTGATCCGTGTA-1,smooth_muscle
GTAGTCGCGGGAATCA-1,smooth_muscle
GTATAGGACTCAGTAG-1,carcinoma
GTATAGTGGCCCATGT-1,carcinoma
GTATCTCCCTAACTGT-1,carcinoma
GTATCTTGTTGCTCAC-1,carcinoma
GTCAATGCTATAATTT-1,smooth_muscle
GTCAATTGTACTGAAG-1,carcinoma
GTCACAAAGTTTCCAA-1,carcinoma
GTCATGGACATGACTA-1,carcinoma
GTCATTAGAGCGAACG-1,smooth_muscle
GTCCATTACTGCTACG-1,smooth_muscle
GTCCGGCTGAATTGCG-1,carcinoma
GTCCTTCTAGTGGGTT-1,carcinoma
GTCGGAAGGATACCAG-1,carcinoma
GTCGGATGTAGCGCGC-1,smooth_muscle
GTCGTTATTCGCTTAT-1,carcinoma
GTCTATTGGTTCCGGT-1,carcinoma
GTCTCGACTAAGTTTG-1,carcinoma
GTCTCGATCTGCTTTC-1,smooth_muscle
GTCTCGCCAACACGCC-1,carcinoma
GTCTTGAGGAGCAGTG-1,carcinoma_border
GTGAAACGGCGCCACC-1,smooth_muscle
GTGAACTCCCATTCGA-1,carcinoma
GTGAAGATTTCAAGTG-1,smooth_muscle
GTGAAGCCGTATAGTC-1,smooth_muscle
GTGACGAGGGTGACCC-1,carcinoma_border
GTGATCACTAACGCCT-1,smooth_muscle
GTGCGACAGGGAGTGT-1,smooth_muscle
GTGCGCTTACAAATGA-1,carcinoma
GTGCGGGTCTCCAAAT-1,carcinoma
GTGCGTGTATATGAGC-1,carcinoma_border
GTGCTCAAGTACTGTC-1,carcinoma
GTGGAACCTACATGCG-1,smooth_muscle
GTGGTGGCCAAGTGAA-1,carcinoma
GTGGTTACTTCTTTCG-1,carcinoma_border
GTGTACCTTGGCTACG-1,smooth_muscle
GTTAAAGTAGGACTGG-1,smooth_muscle
GTTAAGTTAGAGTGGG-1,carcinoma
GTTACTTTGGGCCTAG-1,smooth_muscle
GTTAGAGTGTGCCGCT-1,carcinoma
GTTAGCCGTAAATCAA-1,carcinoma
GTTATATCAGGAGCCA-1,smooth_muscle
GTTATCACCTTCTGAA-1,carcinoma
GTTATTAAATACGACC-1,carcinoma
GTTCAATCTATGTCAA-1,carcinoma
GTTCATCGTTTGGCTG-1,carcinoma_border
GTTCCAGTCTGACCAT-1,carcinoma
GTTCGCCATAAGTGCC-1,carcinoma
GTTCGGGCGTACCATT-1,carcinoma_border
GTTCGTCTAAAGAACT-1,carcinoma
GTTCGTCTGGGTCCCT-1,smooth_muscle
GTTGCACGGAGTTTCG-1,smooth_muscle
GTTGGACCGCATCAGG-1,smooth_muscle
GTTGGATTTGCGTTGG-1,carcinoma
GTTTCCTGGAGGGTGA-1,smooth_muscle
GTTTGGCCCAAGTTAT-1,carcinoma
TAAAGACAACCCTTTA-1,carcinoma
TAAAGAGCCCGAAACC-1,carcinoma
TAAAGGAGAAACTAGT-1,carcinoma
TAACATACAATGTGGG-1,smooth_muscle
TAACCGCCCGCAGTGC-1,carcinoma
TAACCTACCGTCCGAG-1,smooth_muscle
TAAGCCCTTACGACCA-1,carcinoma
TAAGGCTGAATCCCTC-1,smooth_muscle
TAATAAACAAGGAGAT-1,smooth_muscle
TAATAGTGACGACCAG-1,smooth_muscle
TAATTAGGACATCCGT-1,smooth_muscle
TAATTGGAATCGGGAA-1,carcinoma
TACAAATTGCGGAGGT-1,carcinoma
TACAACGCACAACTCA-1,carcinoma
TACAAGCTGTTCACTG-1,carcinoma
TACAATGAAACCAGCA-1,carcinoma
TACATAGGCATACACC-1,carcinoma_border
TACATTTCTAACGTGC-1,carcinoma
TACCTCACGCTTGTAC-1,carcinoma
TACGCAGTTCTTTCCT-1,carcinoma
TACGCCATATTCTAAT-1,carcinoma_border
TACGCTATAGAAACCT-1,smooth_muscle
TACGGGATGCTAGCAG-1,smooth_muscle
TACTCTCCGAACAAAT-1,smooth_muscle
TACTGCAATCAATTAC-1,smooth_muscle
TAGAAACCACTAAGTA-1,carcinoma
TAGACTACCTAGCGTT-1,smooth_muscle
TAGCCATTTCAAAGTC-1,smooth_muscle
TAGCGTTGGGTCTTAC-1,smooth_muscle
TAGGAACAGCCTCCAG-1,carcinoma
TAGGCATGTTACGCCA-1,smooth_muscle
TAGGGTGTTTCAAGAG-1,carcinoma_border
TAGGTTCGAGTTCGTC-1,smooth_muscle
TAGTCCGCAGAGAATG-1,carcinoma
TAGTCGATCACGGGTT-1,carcinoma_border
TAGTCTGTGACGTTGC-1,carcinoma
TAGTGGAACTCATACA-1,carcinoma
TATAAATCCACAAGCT-1,carcinoma_border
TATAGATGGTCGCAGT-1,smooth_muscle
TATATTACAAATGTCG-1,carcinoma
TATATTCGCGTCGATA-1,carcinoma
TATCACAGCACGGGCA-1,carcinoma
TATCACTTCGAGTAAC-1,smooth_muscle
TATCCATATCATGCGA-1,carcinoma
TATCGATCTATGCATA-1,smooth_muscle
TATCGATGATTAAACG-1,smooth_muscle
TATCTACCACAGCGGG-1,smooth_muscle
TATGATAAATCTAACG-1,carcinoma
TATGATCCGGCACGCC-1,carcinoma
TATGCTCCCTACTTAC-1,carcinoma
TATGGATGTGCTACGC-1,carcinoma
TATGGGACCGAGCAGG-1,carcinoma
TATGGGTACGTATCGT-1,carcinoma
TATGGTCTGAGTAACA-1,carcinoma
TATGGTTAGTGGGAGA-1,smooth_muscle
TATGTCAAGACCGACT-1,smooth_muscle
TATTCCGGCAGTCCTA-1,carcinoma
TATTCGTGCCAGAATA-1,smooth_muscle
TATTGACATTTCTGCC-1,carcinoma_border
TATTTAGTCTAGATCG-1,carcinoma
TATTTATACCGAGTAG-1,smooth_muscle
TATTTGTTACCCTTTA-1,smooth_muscle
TCAAACAACCGCGTCG-1,carcinoma
TCAACCATGTTCGGGC-1,carcinoma_border
TCAACGAGGAGACAAA-1,smooth_muscle
TCAAGAAATACTAGCT-1,carcinoma_border
TCACAGGGAATCGCAA-1,carcinoma
TCACCCTCTTAAGATT-1,carcinoma
TCACGGTCATCGCACA-1,smooth_muscle
TCACGTGCCCGATTCA-1,carcinoma
TCAGAACCTCCACAGG-1,carcinoma
TCAGGGTGCACGAAAC-1,carcinoma
TCAGTTACGGAATGAT-1,carcinoma
TCATGCAGGTTCTCAT-1,smooth_muscle
TCATTTAAGTCTCCGA-1,smooth_muscle
TCCAGATGTACGCCAA-1,carcinoma
TCCATTGTGACCTCGT-1,carcinoma
TCCCAAACAGACAACG-1,smooth_muscle
TCCCAAAGACGAAGGA-1,carcinoma
TCCCAAAGCCCTAAAT-1,carcinoma_border
TCCCACGGAGGGAGCT-1,carcinoma
TCCCACTCTCTTCCGG-1,carcinoma
TCCCAGCTTTAGTCTG-1,carcinoma
TCCCGTCAGTCCCGCA-1,smooth_muscle
TCCCGTGTGCAATTTG-1,carcinoma
TCCCTTAGATTACTCG-1,smooth_muscle
TCCGAAGTAGTCACCA-1,carcinoma
TCCGAATGGTCCTGAG-1,carcinoma
TCCGAGAAGGCTAAGC-1,carcinoma
TCCGATAATTGCCATA-1,carcinoma
TCCGATGACTGAGCTC-1,smooth_muscle
TCCGATGGTGCGACAT-1,carcinoma
TCCGCTGTCATCCCGG-1,carcinoma_border
TCCGGAGGAAGGGCTG-1,carcinoma
TCCGGCCTGCATCGAT-1,carcinoma
TCCTACATCCACGGCC-1,carcinoma_border
TCCTTACGACGGTCCG-1,carcinoma
TCGAGACCAACACCGT-1,carcinoma
TCGATAGGCTAGTCGC-1,carcinoma
TCGCACCAGGAGGCAG-1,smooth_muscle
TCGCCGGTCGATCCGT-1,carcinoma
TCGCTAAACCGCTATC-1,smooth_muscle
TCGCTCGGCACCAGCG-1,carcinoma
TCGCTTTAAACGTTTG-1,smooth_muscle
TCGGAATGACCATCAA-1,carcinoma
TCGGCTAACTTCCCTT-1,carcinoma
TCGGGAACGTGCCTAG-1,carcinoma
TCGGGCACTTCTGGAT-1,carcinoma
TCGGGTGAAACTGCTA-1,carcinoma
TCGGTGACCGCTCCGG-1,carcinoma
TCGTAAGCTCCGAGGA-1,carcinoma
TCGTATTTCGTCCGGA-1,carcinoma
TCGTGTACTATGGATG-1,carcinoma
TCGTTCGTTATTATGT-1,carcinoma
TCTACACGTTCATGCA-1,carcinoma
TCTAGTTATCAGAAGA-1,carcinoma
TCTATCGGTCGCAACA-1,carcinoma
TCTCATGAGATAGGGT-1,carcinoma_border
TCTCCAACGTAGGTTA-1,smooth_muscle
TCTCTAATAGCTGGTA-1,carcinoma_border
TCTGAACTCGTACCCG-1,smooth_muscle
TCTGATCGGGTGCTAG-1,carcinoma_border
TCTGATGTATTCTGTC-1,carcinoma_border
TCTGGCCGTTCAAGTT-1,carcinoma
TCTGTGGCTACATTTC-1,carcinoma
TCTTACCGGAACTCGT-1,smooth_muscle
TCTTACTTATGCCTCT-1,smooth_muscle
TCTTAGAGCTCCAATT-1,smooth_muscle
TCTTATGGGTAGTACC-1,carcinoma
TCTTGGTAACACCAAA-1,carcinoma
TCTTTAGCAGGCGAAC-1,carcinoma_border
TCTTTCTCTTAAGGAG-1,carcinoma
TGAATATGCTATAAAC-1,smooth_muscle
TGACACTTCTCTTTGC-1,smooth_muscle
TGACATCGAGCGGACC-1,smooth_muscle
TGAGAATGCTTTACCG-1,carcinoma
TGAGATCAAATACTCA-1,carcinoma
TGAGCTTTAATGACGC-1,smooth_muscle
TGATCGGTTTGACCCT-1,carcinoma
TGATCTACGCTGATCT-1,smooth_muscle
TGATCTCCGGCGCCAG-1,carcinoma
TGATGGCTGTTTCTGA-1,carcinoma
TGATTATGGCACGCAG-1,carcinoma
TGCAATTTGGGCACGG-1,carcinoma
TGCAGGATCGGCAAAG-1,smooth_muscle
TGCCACCTGGCGAAAC-1,smooth_muscle
TGCCATTACTAAAGAA-1,smooth_muscle
TGCCGAAAGCGTATTC-1,smooth_muscle
TGCGGCATAGTTCAAC-1,carcinoma
TGCGGGTATTGGGATC-1,carcinoma
TGCTATACAAACGGAC-1,carcinoma
TGCTCCACAGTTCTTA-1,smooth_muscle
TGCTGTTGAAGAACTC-1,smooth_muscle
TGGAACCACTGACACA-1,carcinoma
TGGAATATCCTTGACC-1,carcinoma
TGGCAACTCGCGCGCC-1,smooth_muscle
TGGCAGATTACGATCA-1,carcinoma_border
TGGCAGCAGTAATAGT-1,carcinoma
TGGCGGTGTGCGATTG-1,carcinoma
TGGCTTGTACAAGCTT-1,smooth_muscle
TGGCTTTGGGTAGACA-1,carcinoma_border
TGGGCACAAACAGAAC-1,carcinoma
TGGGCCACAAGAGCGC-1,smooth_muscle
TGGGCCCATACTAATT-1,smooth_muscle
TGGTATCGGTCTGTAT-1,carcinoma
TGGTTCGTAGCAAAGG-1,carcinoma
TGGTTTAAACGTGGGT-1,carcinoma
TGTACGAACAAATCCG-1,carcinoma
TGTACGCTATCAGCTT-1,carcinoma
TGTACTACTCTCACGG-1,smooth_muscle
TGTACTGTGCCAAAGT-1,carcinoma
TGTATCCTTATTCCAT-1,carcinoma
TGTATGGCGCAGACAG-1,carcinoma_border
TGTCATTTGTTGGGAA-1,smooth_muscle
TGTCCCGACATAGCAC-1,carcinoma
TGTCTACAGTTTCTGT-1,carcinoma
TGTGACTACGCCAGTC-1,smooth_muscle
TGTGATTCCAGCGCTT-1,carcinoma
TGTGGAGGAAGCTTAA-1,carcinoma
TGTTATTGTATGTGGC-1,carcinoma
TGTTGTCAAGAAGTCT-1,smooth_muscle
TGTTTAATACTTCATC-1,carcinoma
TGTTTCGGTACTTCTC-1,carcinoma
TTAAACCGGTAGCGAC-1,carcinoma
TTAACCAACCCTCCCT-1,carcinoma
TTAACGAACAAGCAGT-1,smooth_muscle
TTAACGTCGCAAGACC-1,carcinoma
TTAATCAGTACGTCAG-1,smooth_muscle
TTAATGCGAGGTAACT-1,carcinoma
TTACAACTACGCATCC-1,carcinoma_border
TTACATGCCACAACTA-1,smooth_muscle
TTACCCATTGCCGGGT-1,smooth_muscle
TTACTAAAGGACTTTA-1,carcinoma_border
TTACTGGGATATTTCA-1,carcinoma_border
TTACTGTCTAGAGCTC-1,smooth_muscle
TTAGACACGATCGTTG-1,smooth_muscle
TTAGACGAGTCACCTC-1,carcinoma_border
TTAGAGTTTAGAAGGA-1,smooth_muscle
TTAGTTATTCGTGGCA-1,smooth_muscle
TTAGTTCAAGTGTTCG-1,smooth_muscle
TTATAGATGCACATTA-1,carcinoma
TTATATTTGGCAATCC-1,carcinoma
TTATCCGGGATCTATA-1,carcinoma
TTATCTGTATCATAAC-1,carcinoma
TTATGAATGAAAGGGA-1,smooth_muscle
TTATGCGTCCCGGTCC-1,carcinoma
TTATTAGGGAAGCATC-1,carcinoma
TTCAACGACCCGACCG-1,carcinoma_border
TTCAATTAGCCATAAT-1,carcinoma
TTCACGAAAGGATCAC-1,carcinoma
TTCAGCCCTGGTCCAC-1,smooth_muscle
TTCATGGCGCAACAGG-1,smooth_muscle
TTCCACATTTCTCGTC-1,carcinoma
TTCCAGACGAGATTTA-1,smooth_muscle
TTCCCGACGCTTCACT-1,carcinoma
TTCCGCAGAGAAATAT-1,smooth_muscle
TTCCGGTATCTGTGTC-1,smooth_muscle
TTCCGGTTACCCACTT-1,carcinoma_border
TTCCTCGAGGGTGTCT-1,carcinoma_border
TTCCTCGGACTAACCA-1,carcinoma_border
TTCGACGGGAAGGGCG-1,smooth_muscle
TTCGCACTCGCGTGCT-1,smooth_muscle
TTCGCTAGGAAGTTGT-1,carcinoma_border
TTCGCTATCTGACGTG-1,carcinoma
TTCGGCAACCCGCTGA-1,smooth_muscle
TTCGTTCAACGAAGTT-1,carcinoma
TTCTACCTTTATGTTG-1,carcinoma
TTCTAGGCCAATTGTG-1,smooth_muscle
TTCTTAGTGGCTCAGA-1,carcinoma
TTCTTCCCTTTGATAT-1,carcinoma
TTCTTCGCAATAGAGC-1,carcinoma
TTCTTGCTAGCATCTC-1,smooth_muscle
TTCTTGGAGTAATGAG-1,smooth_muscle
TTCTTTGGTCGCGACG-1,carcinoma
TTGACCATGTTCTCCG-1,smooth_muscle
TTGACGATTCAGCACG-1,carcinoma
TTGAGCGCCACGTGAT-1,carcinoma
TTGAGGCATTTAACTC-1,carcinoma
TTGAGTCCCGCTGCTG-1,carcinoma
TTGATGTGTAGTCCCG-1,smooth_muscle
TTGCACAATTCAGAAA-1,smooth_muscle
TTGCACGGAGCAGCAC-1,carcinoma
TTGCTCCCATACCGGA-1,smooth_muscle
TTGCTGAAGGAACCAC-1,carcinoma
TTGCTGATCATGTTCG-1,carcinoma
TTGCTGGCCGGGCTTC-1,carcinoma
TTGGAGTCTCCCTTCT-1,carcinoma
TTGGATCGACTTCTGG-1,carcinoma
TTGGATTGGGTACCAC-1,carcinoma
TTGGCCTAGAATTTCG-1,smooth_muscle
TTGGCGATCCGAATAT-1,carcinoma
TTGGTATGGCTTGTGT-1,smooth_muscle
TTGTAAGGCCAGTTGG-1,smooth_muscle
TTGTAATCCGTACTCG-1,carcinoma
TTGTCGTTCAGTTACC-1,carcinoma
TTGTGGCCCTGACAGT-1,carcinoma
TTGTTCAGTGTGCTAC-1,carcinoma
TTGTTTGTGTAAATTC-1,carcinoma
