Barcode,LCM_ROI
AAACAAGTATCTCCCA-1,ROI2
AAACCCGAACGAAATC-1,ROI2
AAACCGGAAATGTTAA-1,ROI2
AAACGAGACGGTTGAT-1,ROI1
AAACTCGTGATATAAG-1,ROI2
AAACTGCTGGCTCCAA-1,ROI1
AAAGACTGGGCGCTTT-1,ROI1
AAAGCTTGCCTACATA-1,ROI2
AAAGGGATGTAGCAAG-1,ROI1
AAAGGGCAGCTTGAAT-1,ROI1
AAAGTGTGATTTATCT-1,
AAAGTTGACTCCCGTA-1,ROI2
AAATAAGGTAGTGCCC-1,ROI2
AAATACCTATAAGCAT-1,ROI1
AAATAGCTTAGACTTT-1,ROI2
AAATCGTGTACCACAA-1,ROI1
AAATCTAGCCCTGCTA-1,ROI2
AAATGATTCGATCAGC-1,ROI2
AAATGGTCAATGTGCC-1,ROI1
AAATTAACGGGTAGCT-1,ROI1
AAATTACCTATCGATG-1,
AAATTCCAGGTCCAAA-1,ROI2
AACAACTGGTAGTTGC-1,ROI1
AACAATTACTCTACGC-1,ROI1
AACACACGCTCGCCGC-1,
AACAGGAAATCGAATA-1,ROI1
AACAGGATGGGCCGCG-1,ROI1
AACAGGTAGTATGGAT-1,ROI2
AACATATCAACTGGTG-1,
AACCAAGACTTCTCTG-1,ROI1
AACCCTACTGTCAATA-1,ROI2
AACCGAGCTTGGTCAT-1,ROI1
AACCGCTAAGGGATGC-1,
AACCTGTCACGGAATT-1,ROI2
AACCTTTACGACGTCT-1,
AACGATAGAAGGGCCG-1,ROI1
AACGATATGTCAACTG-1,ROI1
AACGCATGATCTGGGT-1,
AACGCGGTCTCCAGCC-1,ROI1
AACGGACGTACGTATA-1,
AACGTCAGACTAGTGG-1,ROI1
AACGTGCGAAAGTCTC-1,ROI1
AACTACCCGTTTGTCA-1,ROI2
AACTCAAGTTAATTGC-1,ROI1
AACTCTCAATAGAGCG-1,
AACTGAGTTATACTGA-1,ROI2
AACTGATATTAGGCCT-1,ROI1
AACTGGGTCCCGACGT-1,ROI1
AACTTGCCCGTATGCA-1,ROI1
AAGACTGCAAGCTACT-1,ROI1
AAGAGATGAATCGGTA-1,ROI1
AAGAGCTCTTTATCGG-1,ROI1
AAGAGGCATGGATCGC-1,ROI1
AAGATTGGCGGAACGT-1,
AAGCCGAAGCGGTTTA-1,ROI2
AAGCTCGTGCCAAGTC-1,ROI1
AAGGAGCGGTTGGTGC-1,ROI1
AAGGATCGATCGCTTG-1,ROI2
AAGGATGAGGGACCTC-1,
AAGGCAGGCTGTCTCC-1,ROI2
AAGGCGCGTAAAGCTT-1,ROI1
AAGGCTGTGCTCATCG-1,ROI1
AAGGGACAGATTCTGT-1,
AAGGTATCCTAATATA-1,ROI1
AAGGTGATAAACCAGC-1,
AAGTAGAAGACCGGGT-1,ROI1
AAGTAGTGACGCGAGG-1,ROI1
AAGTCAATTGTCGTCA-1,ROI2
AAGTGCCTTGACTGTA-1,ROI2
AAGTTCAGTCTGCGTA-1,
AATAACAACGCTCGGC-1,ROI1
AATAATCTTCGTATCG-1,ROI2
AATAGAATCTGTTTCA-1,
AATATCGAATCAATGC-1,ROI2
AATATCGAGGGTTCTC-1,
AATATTGGAGTATTGA-1,ROI1
AATCGCCTCAGCGCCA-1,ROI1
AATCGCGCAGAGGACT-1,ROI2
AATCTATGCCGGAGCC-1,ROI2
AATCTGCGTTGGGACG-1,
AATGACGTAGGATGTC-1,
AATGACTGTCAGCCGG-1,ROI1
AATGATGATACGCTAT-1,
AATGATGCGACTCCTG-1,
AATGCAACCGGGTACC-1,ROI1
AATGCACCAAGCAATG-1,
AATGGTCCACCGTTCA-1,ROI1
AATGGTTCTCACAAGC-1,ROI1
AATTAAAGGTCGGCGT-1,ROI1
AATTCATAAGGGATCT-1,
AATTGAACGCTCTGGT-1,
ACAAATCGCACCGAAT-1,
ACAAATGGTAGTGTTT-1,
ACAACAGCATGAGCTA-1,ROI1
ACAACGGTCCCTGCGA-1,ROI1
ACAAGCAGTGCCTAGC-1,ROI1
ACAAGGAAATCCGCCC-1,
ACAAGGACAAGAGGTT-1,ROI1
ACAAGGGCAGGCTCTG-1,
ACAATCCATTTAAACC-1,ROI1
ACAATTGTGTCTCTTT-1,ROI2
ACAATTTGAGCAGTGG-1,ROI1
ACAATTTGGCCATATT-1,ROI2
ACACAAAGACGGGTGG-1,ROI1
ACACACCAGGACCAGT-1,
ACACCACATAATTAGC-1,ROI2
ACACCCAGCATGCAGC-1,ROI1
ACACCCGAGAAATCCG-1,ROI1
ACACCTTAAGTAGGGC-1,ROI1
ACACCTTACTACTTGC-1,ROI2
ACACGAGACTCCTTCT-1,ROI1
ACACGGGAACTTAGGG-1,ROI1
ACATAATAAGGCGGTG-1,ROI1
ACATCAGCTGGGACGC-1,ROI1
ACATCCTGGTAACTGT-1,ROI2
ACATCGATCGTTTACC-1,ROI1
ACATCGTATGCAATGG-1,
ACATGGCGCCAAAGTA-1,ROI2
ACCAACACCACACACT-1,
ACCAAGAACGCGTGTC-1,ROI1
ACCACAAGTTTCTATC-1,ROI1
ACCACCAATGTAACAA-1,ROI2
ACCACCCTCTCTTCTA-1,ROI2
ACCACGTGCAGCTATA-1,
ACCAGTGCGGGAGACG-1,
ACCATATCCGCAATAA-1,ROI1
ACCATCGTATATGGTA-1,ROI1
ACCCAACGCCCGTGGC-1,
ACCCACCTACATGCTC-1,ROI1
ACCCATCTTGAGGGTA-1,ROI1
ACCCGGATGACGCATC-1,ROI2
ACCCGGTTACACTTCC-1,ROI1
ACCCTCCCTTGCTATT-1,
ACCCTGGTAACGCCCT-1,ROI2
ACCGACTGAGTCCCAC-1,ROI1
ACCGATATTTAATCAT-1,ROI2
ACCGATGGTAGCATCG-1,
ACCGCGGTGGAAGTCG-1,ROI2
ACCGGGCCTTTGTTGA-1,ROI2
ACCTAATCGACTTCCT-1,ROI1
ACCTACAGTATGTGGT-1,ROI2
ACCTCCGTTATTCACC-1,ROI2
ACGAAATGGGCGGCAC-1,ROI1
ACGAGTACGGATGCCC-1,ROI2
ACGATACATAGAACTA-1,ROI1
ACGATCATACATAGAG-1,ROI1
ACGATCATCTTGTAAA-1,ROI2
ACGATGCATATGTTAT-1,ROI1
ACGCAATCACTACAGC-1,ROI2
ACGCATTCGTGAGTAC-1,ROI1
ACGCCAGATGATTTCT-1,ROI1
ACGCCGCTAGACGACC-1,ROI1
ACGCGGGCCAAGGACA-1,ROI1
ACGCTAGTGATACACT-1,
ACGGCGACGATGGGAA-1,
ACGGGCGTATGCGACA-1,ROI2
ACGTAGATTGCTGATG-1,ROI1
ACGTATTACTCCGATC-1,ROI2
ACGTGCGCCTCGTGCA-1,ROI1
ACGTTAATGTCGAAGA-1,ROI1
ACGTTAGATTTGCCCG-1,ROI1
ACGTTCGCAATCAATT-1,ROI2
ACTACCAGCTCTCTGG-1,ROI1
ACTAGTTGCGATCGTC-1,ROI2
ACTATCCAGGGCATGG-1,ROI2
ACTATCTGCCCGCGTA-1,ROI2
ACTATTCGTCCGTGGT-1,ROI1
ACTCAATAAAGGCACG-1,ROI1
ACTCCCGAATTCGTTT-1,ROI2
ACTCCCTAGAATAGTA-1,
ACTCGCGATCTGACGC-1,ROI2
ACTCGTCAGTAATCCC-1,ROI1
ACTCTCTGACTTAGGT-1,
ACTCTTCAGCTCCCGC-1,ROI2
ACTCTTGTATAGTAAC-1,ROI1
ACTGAATGGCGAAAGT-1,
ACTGCCGTCGTAACTC-1,ROI1
ACTGCGGACACACCGT-1,ROI2
ACTGTACGATACACAT-1,ROI1
ACTGTAGCACTTTGGA-1,ROI1
ACTGTCCAGGATTATA-1,ROI1
ACTGTCTTCTTTAGAA-1,ROI1
ACTTATACTTACCCGG-1,
ACTTATTAGGATCGGT-1,ROI1
ACTTATTTATGTGCCA-1,
ACTTCAGGCTGATCCC-1,
ACTTCGCCATACGCAC-1,ROI1
ACTTCGCTAGCGAGTG-1,ROI2
ACTTGACTCCCTCTTT-1,ROI1
ACTTGGGACCCGGTGG-1,ROI1
ACTTGTGGATGGAACG-1,ROI2
ACTTTACCCTCATGAA-1,ROI2
ACTTTCCTATAGCTTC-1,ROI1
ACTTTGTCGACGCACT-1,ROI2
AGAAATTATGACTCGC-1,ROI2
AGAACCCAGCGTGACA-1,ROI2
AGAACGTGGTACATTC-1,ROI1
AGAAGAGCGCCGTTCC-1,
AGAAGGTTGCCGAATT-1,ROI1
AGAATTATGGATTCGA-1,
AGACAGGCATCTCAGC-1,ROI2
AGACCATGGGATACAA-1,ROI1
AGACCCGCCCTCCTCG-1,ROI1
AGACCGCTCCGCGGTT-1,ROI2
AGACGAAGTGCCGGTC-1,ROI2
AGACTAGCCTTCCAGA-1,ROI1
AGAGAACCGTCTAGGA-1,
AGAGCAGTTATGAGAC-1,ROI1
AGAGCGGGCTAATCAT-1,ROI1
AGAGCGTACAAGCTCG-1,ROI1
AGAGGCTTCGGAAACC-1,ROI2
AGAGTAAACTTCACTA-1,ROI2
AGAGTATAGTGTTACG-1,ROI2
AGATAACTTCAGGGCC-1,ROI1
AGATACCGGTGTTCAC-1,ROI1
AGATACTCAAGATCGA-1,
AGATCGTGCATAAGAT-1,
AGATCTCAGGTGTGAT-1,ROI1
AGATGACTCGCCCACG-1,ROI1
AGATGATGGAGTCTGG-1,ROI2
AGATTATAGGACGTTT-1,ROI1
AGCAACATATCTTATT-1,
AGCACCAGTACTCACG-1,ROI1
AGCACTACCGGCCTGT-1,ROI1
AGCACTTAAGGACGCC-1,ROI1
AGCATATCAATATGCT-1,ROI2
AGCATCGTCGATAATT-1,ROI1
AGCCACTCCCGTGCTT-1,ROI1
AGCCCTAAGCGAAGTT-1,ROI1
AGCCCTGTCGCACCGT-1,ROI2
AGCCCTTGGACATCCC-1,ROI2
AGCGACATCCCATTCA-1,ROI1
AGCGACCAACGATATT-1,ROI1
AGCGCGGGTGCCAATG-1,
AGCGCTAGAGCGATGT-1,ROI2
AGCGTGGTATTCTACT-1,ROI1
AGCTAGAAGCAGAAGT-1,
AGCTATTTAATCCAAC-1,ROI1
AGCTCCTTCGCACATC-1,
AGCTCTAGACGTTCCA-1,ROI1
AGCTCTTCCCAGTGCA-1,
AGCTCTTCGTAACCTT-1,ROI2
AGCTCTTTACTCAGTT-1,ROI1
AGCTGAAGTAAACCAA-1,
AGGACAGTCGAATCCC-1,
AGGACGACCCATTAGA-1,ROI1
AGGACGCTCGATGTTG-1,
AGGAGACATCCACAGT-1,ROI2
AGGAGAGTCTGGCTAC-1,ROI2
AGGAGGCCTTCGCGCG-1,ROI2
AGGATATAGGGATTTA-1,ROI2
AGGATTGCTTACGACA-1,ROI2
AGGCAGATGCGTAAAC-1,
AGGCATTGTCGTAGGG-1,ROI2
AGGCCACATTGGTTAC-1,ROI2
AGGCCACCCGTTATGA-1,ROI1
AGGCCCATTGTACAGG-1,ROI1
AGGCTATGGTTAGCTT-1,ROI1
AGGGACCGGCTGCGTT-1,ROI2
AGGGAGACATACTTCG-1,ROI2
AGGGCGTGATCGGCTA-1,ROI1
AGGGCTGCAGTTACAG-1,ROI1
AGGGTCGATGCGAACT-1,ROI2
AGGGTGCTCTCGAGGG-1,
AGGGTTCCCTTTGGTT-1,
AGGGTTTAGTTCGGGA-1,ROI1
AGGTAGGTACAAAGCT-1,ROI1
AGGTATAATTGATAGT-1,ROI2
AGGTATGCGGACATTA-1,ROI2
AGGTCGCGGAGTTACT-1,
AGGTTACACCATGCCG-1,ROI2
AGGTTGAGGCACGCTT-1,ROI1
AGGTTTCACACACCTT-1,ROI1
AGTAATGTCTTGCCGC-1,ROI1
AGTACATCATTTATCA-1,ROI2
AGTACGGGCACCTGGC-1,ROI1
AGTATAATACTAGGCA-1,ROI1
AGTCAACACCACCATC-1,ROI1
AGTCAAGATGACACTT-1,
AGTCCATTGGCTGATG-1,ROI2
AGTCCCGCCTTTAATT-1,
AGTCCCTCGCAGAAAG-1,ROI2
AGTCGACGGTCTCAAG-1,
AGTCGGCCCAAACGAC-1,ROI1
AGTCGGTTGCGTGAGA-1,ROI2
AGTCTAAAGTATACTC-1,ROI2
AGTCTTCTCCTCAAAT-1,ROI1
AGTGAACAAACTTCTC-1,ROI2
AGTGACCTACTTTACG-1,ROI1
AGTGAGACTTCCAGTA-1,
AGTGAGCCTCGCCGCC-1,ROI2
AGTGATTCAAGCAGGA-1,
AGTGCACGCTTAAGAA-1,ROI2
AGTGCTTGCACGAATA-1,
AGTGGCGGCAATTTGA-1,
AGTGTATTGCGCATTG-1,
AGTTAAACACTTGCGA-1,ROI1
AGTTAAGCGGTCCCGG-1,
AGTTCCTACAGAATTA-1,ROI1
AGTTCCTATTTATGTT-1,ROI1
AGTTTATGTAAAGACA-1,ROI2
AGTTTGGCACGGGTTG-1,ROI2
ATAAAGGCTCGGTCGT-1,ROI1
ATAAATATTAGCAGCT-1,ROI1
ATAACGCCGGAGGGTC-1,ROI1
ATAACGGAGTCCAACG-1,ROI1
ATAAGTAGGATTCAGA-1,
ATAAGTAGGGCGACTC-1,ROI2
ATACCACGGGCAACTT-1,ROI1
ATACGAAGGCTTTCCA-1,ROI2
ATACGCCGGCGAAACC-1,ROI1
ATACGGGTTTCGATTG-1,ROI1
ATACGTCCACTCCTGT-1,
ATACTAGCATGACCCT-1,ROI1
ATAGACAACGGGACCT-1,
ATAGACGAAGAGAAAG-1,ROI1
ATAGAGTACTGGGACA-1,ROI1
ATAGAGTTATCAACTT-1,
ATAGGCTAGCTTCGCA-1,
ATAGGGATATCCTTGA-1,ROI1
ATAGGTTGGGCAGATG-1,ROI1
ATAGTGAAGCGTTCTC-1,ROI1
ATAGTTCCACCCACTC-1,ROI2
ATATCAACCTACAGAG-1,ROI2
ATATCGGTAGGGAGAT-1,ROI2
ATATCTCCCTCGTTAA-1,
ATATCTTAGGGCCTTC-1,ROI1
ATATGTCTCCCTAGCC-1,ROI2
ATATTTAACCCTCAAG-1,ROI1
ATCAAACACTGTTCCA-1,ROI2
ATCAATCTGGGCTGCA-1,ROI1
ATCACATTAGAATATC-1,ROI1
ATCACTTCATCCTCGC-1,ROI1
ATCAGGTAGCTGACAG-1,ROI2
ATCAGTAGGCAGGGAT-1,
ATCATCCAATATTTGT-1,ROI1
ATCATGGACTACCGAC-1,ROI2
ATCCAACGCAGTCATA-1,ROI1
ATCCAGGATTCGTGAA-1,ROI1
ATCCTGAATCGCTGCG-1,ROI1
ATCCTTCTGAAAGAAC-1,ROI2
ATCGACCCAATACAGA-1,ROI1
ATCGACTCTTTCCGTT-1,ROI1
ATCGCACGCCGGGAGA-1,ROI1
ATCGCCAGTCAACATT-1,ROI2
ATCGCTGCGTGCAGCA-1,ROI2
ATCGCTTTACGTCTCA-1,ROI2
ATCGGCAAGCAGTCCA-1,
ATCTCCCTGCAATCTA-1,ROI1
ATCTCGTGAGCGAAAC-1,ROI2
ATCTGCACCTCTGCGA-1,
ATCTGGTTAAGACTGT-1,ROI1
ATCTGTAATTGTACCC-1,ROI1
ATCTTGACCTGCAACG-1,ROI1
ATCTTGACTTGTCCAA-1,ROI2
ATCTTTCGTATAACCA-1,ROI2
ATGAAGCCAAGGAGCC-1,ROI1
ATGACGCCGGCTCTAA-1,ROI1
ATGACTATGCGACATT-1,
ATGAGGAGTGTTAATC-1,ROI1
ATGAGGGCAGCGGCTA-1,ROI2
ATGATCGGGAATAGAC-1,ROI1
ATGATGCAATGGTACA-1,ROI1
ATGCACTACCGCATTG-1,ROI1
ATGCATGATCCAGGAT-1,ROI1
ATGCCATTTGCGACCA-1,
ATGCCGGTCTTGCATA-1,ROI1
ATGCCGGTTGATGGGA-1,
ATGCGACAGTCCCATT-1,ROI1
ATGCGAGTCCCACCAC-1,ROI2
ATGCTCAGTGTTGCAT-1,ROI1
ATGCTTAGGAGTTGAT-1,ROI2
ATGGAACCTTTGCACA-1,ROI2
ATGGAGCAGGCCGTGA-1,ROI1
ATGGATCCGGCGTCCG-1,ROI1
ATGGATTGACCAAACG-1,ROI1
ATGGCGGAATAGTCGC-1,ROI2
ATGGGCCTCGGCCTCT-1,
ATGGTCGCGTGGTTTC-1,
ATGTAAGGCTGCTCTT-1,ROI2
ATGTGCATCCGACGCA-1,ROI1
ATGTGGACATCTTGAT-1,
ATGTTTCGGCCCGGAG-1,ROI2
ATTAAACATGCGGACC-1,ROI1
ATTAATACTACGCGGG-1,ROI1
ATTAATGAACCAGTCG-1,ROI1
ATTACATGTCAGTCTT-1,ROI2
ATTACCACACTGCCTG-1,ROI2
ATTACTAGCCTCTTGC-1,ROI1
ATTACTTACTGGGCAT-1,
ATTAGATTCCTCAGCA-1,
ATTAGATTGATAGCGG-1,ROI1
ATTAGGCGATGCTTTC-1,ROI1
ATTATACTTTGCTCGT-1,ROI1
ATTATAGCTACTTTAC-1,ROI2
ATTATGCCATAGGGAG-1,ROI1
ATTCAGGACCTATTTC-1,
ATTCAGTAGCAGGGTC-1,ROI1
ATTCCCACATAAACAA-1,ROI1
ATTCCTCCGCCAGTGC-1,ROI1
ATTCGACGCCGGGCCT-1,ROI1
ATTCGTGCTATCTCTT-1,ROI2
ATTGAAGATCTTAGTG-1,ROI1
ATTGATGAGTCCTAAC-1,ROI2
ATTGCGATCAGTAACT-1,ROI2
ATTGCTGCTCCTCCAT-1,ROI1
ATTGTACAACTCGGCT-1,ROI2
ATTGTCGCAATACCTT-1,
ATTGTTCAACGATCCG-1,ROI2
ATTTACAGTTTACTGG-1,ROI1
ATTTACTAAGTCCATT-1,ROI2
ATTTGTCTTGGGAGCT-1,
ATTTGTTCCAGGGCTC-1,ROI1
CAAACGGTCGCACTTT-1,ROI1
CAAACTCGCGACGCCG-1,ROI2
CAAAGGTCATCTGAAA-1,ROI2
CAAATTGGATTATGCC-1,ROI2
CAACACATCTCCTGCC-1,ROI2
CAACCTGAACCTGCCA-1,ROI2
CAACGACCCGTTTACA-1,ROI1
CAACGGTTCTTGATAC-1,ROI1
CAACGTGGTGGAGTCT-1,ROI2
CAACTATATCGAATGC-1,
CAACTCCTTGATCCCG-1,ROI1
CAAGACTCAGAAGCGC-1,ROI2
CAAGAGGGCGGAGTAC-1,
CAAGATATTATAACGT-1,
CAAGCAACGTCGGAGT-1,ROI1
CAAGCACCAAATGCCT-1,ROI1
CAAGGATCGCATGTTC-1,ROI1
CAAGGTCCTATAGGCT-1,ROI2
CAAGTGTGGTTGCAAA-1,
CAATAAACCTTGGCCC-1,ROI1
CAATACGAGAGTCTGA-1,ROI2
CAATGAGGTTCGACTA-1,ROI2
CAATGGATCTCTACCA-1,
CAATGTGCCAACCCTT-1,ROI2
CAATTAAGGGTGATGA-1,ROI1
CAATTTCGTATAAGGG-1,ROI1
CACAATGAGCTGCTAT-1,ROI1
CACACAGCTTGCGCTC-1,ROI2
CACACAGGGATAGATT-1,ROI1
CACACGCGCTGTCTTA-1,
CACAGCACCCACGGCA-1,ROI1
CACAGCTAGGGAGTGA-1,ROI1
CACAGTTCGCTTCCCA-1,ROI2
CACATATTAGCAGGAT-1,
CACATGATTCAGCAAC-1,ROI1
CACATTCTTTCGATGG-1,
CACATTTCTTGTCAGA-1,ROI2
CACCCAAATCTTATGT-1,ROI2
CACCCACACGTCACCC-1,ROI1
CACCCACGAGGCAATT-1,
CACCGCCAGAAGGTTT-1,ROI1
CACCGTATCCCATCCG-1,ROI2
CACCTAATCAGTTTAC-1,ROI1
CACCTCGATGGTGGAC-1,ROI1
CACCTTGCGAAACTCG-1,
CACCTTGGCGCCTTTG-1,ROI2
CACGAAAGTTAGTCCC-1,ROI1
CACGCACAGCGCAGCT-1,ROI1
CACGCAGCGAGGCTTT-1,ROI1
CACGCGGAACTGTTGC-1,ROI2
CACGGACGTGGATGGC-1,ROI2
CACGGGATTGAGGGTT-1,ROI1
CACGTTCGTGCTCTAG-1,
CACTAAAGTTGCCTAT-1,ROI1
CACTCAAGAGCTATGG-1,ROI1
CACTCGAGCTGAACAA-1,
CACTGTCCAAGTGAGA-1,ROI1
CACTTAATCAGACGGA-1,ROI1
CACTTCGCCACAGGCT-1,ROI1
CAGAATAACACACGGA-1,ROI2
CAGAATATTCGTTATC-1,ROI2
CAGACCTGTAAGTGTT-1,
CAGAGCATGAGCTTGC-1,ROI1
CAGATACTAACATAGT-1,ROI1
CAGATCATTTAAAGTC-1,
CAGCAGCCCGTTCCTT-1,ROI1
CAGCAGTCCAGACTAT-1,ROI2
CAGCCTCCTGCAGAGG-1,ROI1
CAGCTCACTGAGACAT-1,ROI1
CAGCTCGACAAGTTAA-1,
CAGCTTAGTAGGTAGC-1,ROI1
CAGGACAGCTGCCCTT-1,ROI2
CAGGATATATCGTTGT-1,ROI1
CAGGCCGTTTGGGTGT-1,ROI1
CAGGCGCCATGCTAGG-1,
CAGTAACTATTTATTG-1,
CAGTAATCCCTCCCAG-1,ROI1
CAGTACATTCTCTAAA-1,
CAGTAGCCCACGCGGT-1,
CAGTCGAGGATGCAAT-1,
CAGTCTGTATACTGGG-1,ROI1
CAGTGAATAAATGACT-1,
CAGTGTCGGCTGGCCC-1,
CAGTTCAAATTGACAC-1,ROI1
CAGTTCCGCGGGTCGA-1,ROI1
CATAACGGACAGTCGT-1,
CATACCCGTACCCAGT-1,ROI1
CATACGGCGTCTGGGC-1,ROI1
CATACTATGTAATTGT-1,ROI1
CATACTTAGGCAATAC-1,ROI2
CATAGCCGCCCGGGAT-1,ROI1
CATAGTACATTGAGAG-1,ROI1
CATAGTAGCATAGTAG-1,ROI1
CATATACTACTGATAA-1,
CATATAGGTACAGTCA-1,ROI1
CATCATTACCCTGAGG-1,
CATCGGACGGGTTAAT-1,ROI1
CATCTAGTGAAGGGAA-1,ROI2
CATCTATCCCGTGTCT-1,
CATCTTACACCACCTC-1,ROI2
CATGACTTCGCTGAAT-1,ROI2
CATGATGCACAATTCT-1,ROI1
CATGATGGAAGTTAGC-1,ROI2
CATGCGACCAGTTTAA-1,
CATGCGTTAGACAGAA-1,ROI1
CATGGCAGGAAGATCG-1,ROI1
CATGGGTCGGGTGTGG-1,
CATGGTAAGTAGCGTT-1,ROI1
CATGGTCTAGATACCG-1,ROI1
CATGTCTCATTTATGG-1,
CATTACATAGATTGTG-1,ROI2
CATTACGTCGGCCCGT-1,ROI1
CATTATGCTTGTTGTG-1,ROI1
CATTCCCATTCCGTCG-1,ROI2
CATTGATGAACACGCC-1,ROI2
CATTGCGGGTCAATTC-1,ROI2
CATTTAGCGGACCATG-1,
CCAAACAGAACCCTCG-1,ROI1
CCAAATAACAAGATTC-1,ROI2
CCAACGATGCACTGAT-1,ROI1
CCAACTTGATAGATCC-1,ROI2
CCAAGACTTCTGCGAA-1,ROI1
CCAAGCGTAACTCGTA-1,ROI1
CCAATAGTGCCGTCGA-1,ROI1
CCAATGTCACAGCAAG-1,ROI1
CCAATTACGGGTCGAG-1,
CCAATTGAATGTTAAT-1,ROI1
CCACAATGTACGTCTT-1,
CCACACTGAGATATTA-1,ROI1
CCACAGTACCCATCCT-1,
CCACATACTGCACCCA-1,ROI2
CCACCCAAGGAAAGTG-1,ROI1
CCACGAATTTAACCTC-1,ROI2
CCACGAGAAGAGAATC-1,ROI1
CCACGGTGCCCGGTAG-1,ROI2
CCACGTAAATTAGACT-1,ROI2
CCACTATCCGGGTCAC-1,ROI2
CCAGAGACAAAGCCGG-1,ROI1
CCAGATAGTTGAGTGA-1,
CCAGCCTGGACCAATA-1,ROI1
CCAGCGGGATCACCAG-1,ROI2
CCAGCTTCCGCCCGCA-1,ROI1
CCAGGCTGGCGTCTGA-1,ROI2
CCAGGGACGTGGCCTC-1,ROI1
CCAGTAGTCTGATCCA-1,
CCAGTCTAGACGGCGC-1,
CCATAAACAACCCGAC-1,ROI1
CCATACCTTTACTTGT-1,ROI2
CCATAGGTTGGCGTGG-1,ROI1
CCATATGGAAACTATA-1,ROI2
CCATCTCACCAGTGAA-1,ROI2
CCATGCCTGTTTAGTA-1,ROI1
CCATGCTCTGCAGGAA-1,ROI1
CCATGGCCCTTGTACC-1,ROI1
CCATTAGCGATAATCC-1,ROI1
CCATTCCCTGCCCACA-1,ROI1
CCATTGTTTCCTCCAT-1,ROI2
CCCAAACATGCTGCTC-1,
CCCAATTTCACAACTT-1,ROI1
CCCAGAGGAGGGCGTA-1,
CCCAGGTCTGAAGGCT-1,ROI2
CCCAGTTAAGGCGCCG-1,
CCCGACCATAGTCCGC-1,ROI1
CCCGAGTTTCTCCGTA-1,ROI2
CCCGATAGCCTCGCCT-1,ROI2
CCCGCCATGCTCCCGT-1,ROI1
CCCGGTGGAAGAACCT-1,ROI1
CCCGTCAGCGTCTGAC-1,ROI1
CCCGTTTCGCAGATGT-1,ROI2
CCCTCATTCTGGAATT-1,ROI1
CCCTCCTCGCTCGTAT-1,ROI2
CCCTGAAATGAGTTGA-1,ROI1
CCCTGCGCTACGCATA-1,ROI1
CCGAAGGGCGTACCGC-1,ROI2
CCGACAAAGGGAGTGC-1,ROI1
CCGAGAAGTCGCATAA-1,ROI2
CCGATATGACGTAAGG-1,ROI2
CCGATCTCAACCTTAT-1,ROI2
CCGCACAAAGACCAAC-1,ROI1
CCGCACACGAACGTGT-1,ROI2
CCGCACGTGACCTCGG-1,ROI1
CCGCCGTTGAGGATAA-1,ROI2
CCGCGGGTACGAAGAA-1,ROI1
CCGCGTAGGTAAGGGC-1,ROI1
CCGCTATCAGCACCAG-1,ROI1
CCGCTTGCTGACATGG-1,ROI2
CCGGAAGTTATCAGTC-1,ROI2
CCGGAATGGTTTCAGT-1,ROI1
CCGGCACGACCGTTTC-1,ROI2
CCGGGACCCGCAGAGA-1,ROI1
CCGGGCGGTCTCGTCA-1,ROI1
CCGGGCTGCTCCATAC-1,
CCGGGTTCGAGGTTAC-1,ROI1
CCGGTAATGGCTAGTC-1,ROI2
CCGTAAGTTGGTCCCA-1,ROI1
CCGTGAGGCATTCATG-1,ROI2
CCGTGGAACGATCCAA-1,
CCGTTACGTTAGAACA-1,
CCTAAATTAACGGTTC-1,ROI1
CCTAAATTGTATCCTA-1,ROI2
CCTAACCCAAACAAGT-1,
CCTAACTAAGGCTCTA-1,
CCTACTGCTTACACTT-1,ROI1
CCTAGGCGTAGCGATC-1,
CCTATCTATATCGGAA-1,ROI1
CCTATGAAGTGGTGCC-1,ROI2
CCTATGGGTTACCGTC-1,ROI1
CCTCACCTGAGGGAGC-1,
CCTCACCTTAGCATCG-1,
CCTCCGACAATTCAAG-1,ROI1
CCTCGAAGTGGACGGG-1,ROI1
CCTCGCCAGCAAATTA-1,ROI1
CCTCGCGCGATATAGG-1,
CCTCGGACCGGGATAG-1,
CCTCGGATGCTACCTG-1,ROI1
CCTCTAATCTGCCAAG-1,ROI1
CCTCTCTCCCATCTAG-1,ROI1
CCTCTGGCCTAGACGG-1,ROI1
CCTGAACGATATATTC-1,
CCTGAATATTTACATA-1,ROI1
CCTGACCACCGATGGT-1,ROI1
CCTGCGTTCTACGCTT-1,ROI1
CCTGCTATTTGAGAAG-1,ROI1
CCTGGAAACGTTCTGC-1,ROI2
CCTGGCTAGACCCGCC-1,ROI1
CCTGTAAGACATGATA-1,ROI1
CCTGTCACCCGGGCTC-1,ROI1
CCTGTCCCTCACGTTA-1,ROI2
CCTGTCGCCCGTAAAT-1,ROI1
CCTTCTTGATCCAGTG-1,ROI1
CCTTGACCACTTTATT-1,ROI2
CCTTTCAATGAAGAAA-1,
CGAACAGTATGGGCGT-1,ROI2
CGAAGCTATAAATTCA-1,
CGAAGTTGCTCTGTGT-1,ROI1
CGACAATTTGATCTAA-1,
CGACACGCTCCGACAG-1,
CGACAGTTCGCGTTAT-1,ROI1
CGACTCAGGATGTTAT-1,
CGACTTTGTATAGCCT-1,ROI2
CGAGACCCTAGAGTGT-1,ROI1
CGAGAGATGTGAACCT-1,ROI1
CGAGATTTCGCTCGGG-1,ROI2
CGAGCACTTCAAGTTT-1,ROI1
CGAGCTGGGCTTTAGG-1,ROI1
CGAGGAGCTTCCATAT-1,ROI2
CGAGGATCGGGAACGA-1,ROI2
CGAGGCTAAATATGGC-1,ROI1
CGAGGGACTGCGGTCG-1,ROI1
CGAGTTCTGTCCCACC-1,
CGAGTTTATCGGACTG-1,
CGATAATACTCAGGTT-1,ROI2
CGATACCTCGCGGACA-1,ROI1
CGATCCGACCCAGTGC-1,ROI1
CGATGGACCCTACGCC-1,
CGCAAACACGAGTTAC-1,ROI1
CGCAATTACTTTCGGT-1,ROI1
CGCAATTAGGGTAATA-1,ROI1
CGCAATTCTACAATAA-1,ROI1
CGCACATGTCCACTAC-1,
CGCACGTGCGCTATCA-1,ROI2
CGCAGATCTTCACCCG-1,ROI2
CGCAGGCGATCCAAAC-1,ROI2
CGCATCCATCAGCCAG-1,ROI2
CGCATGGTGCGATGCT-1,ROI1
CGCATTAGCTAATAGG-1,ROI1
CGCCATCCGATTATGA-1,ROI1
CGCCCGCTTCCGTACA-1,ROI1
CGCCCTTGAAGGCTGA-1,ROI1
CGCCGCCCATGCCTGT-1,
CGCCGTCTACCCATCG-1,ROI2
CGCCTCCCTCCTCTAT-1,ROI1
CGCCTTTAGCATGCTC-1,ROI2
CGCGCCCGACTTAATA-1,ROI1
CGCGGCTCAACTTGAA-1,ROI2
CGCGGGAATTAGGCAG-1,ROI1
CGCGGTAAGTCTAGCT-1,ROI2
CGCGTTCATGAAATAC-1,ROI1
CGCTACGGGACATTTA-1,ROI1
CGCTAGAGACCGCTGC-1,ROI2
CGCTATTCTTAGGCTC-1,ROI1
CGCTCGACATAATGAT-1,ROI1
CGCTCTCCGTAGATTA-1,ROI1
CGCTGGTGACTACCCT-1,ROI2
CGCTGTGACGCCGCAC-1,ROI1
CGCTTCCACTGAAATC-1,ROI1
CGCTTTCTTGCATTCG-1,
CGGAGCATGGCGATCC-1,ROI1
CGGAGTTTGAGAGACA-1,ROI1
CGGCAATAAGATCGCC-1,ROI2
CGGCAGGGTCGGGTTG-1,
CGGCCACGCACAAAGT-1,ROI1
CGGCCCAACCTGTAGT-1,ROI2
CGGCCCAGGTATATCC-1,ROI2
CGGCTCTAAAGCTGCA-1,ROI2
CGGGAATATAGTATAC-1,ROI2
CGGGAATTTATGTAAA-1,ROI1
CGGGAGCTTCAGTGTA-1,
CGGGATCAATGTAAGA-1,ROI1
CGGGCAGCTAAACCGC-1,ROI1
CGGGCCTTCTTTGTAA-1,ROI1
CGGGTGTACCCATTTA-1,
CGGGTTTGTTAGGGCT-1,ROI2
CGGTACTAGAATCAAA-1,
CGGTAGAGGTGCAGGT-1,
CGGTCAAGTGGGAACC-1,ROI1
CGGTCTATCAACCCGT-1,
CGGTGAAGACTAAAGT-1,ROI1
CGGTTATCCAACAGTG-1,
CGGTTCAAGTAGGTGT-1,
CGTACCTGATAGGCCT-1,ROI1
CGTATTAAGAGATCTA-1,ROI1
CGTCAAGGCTATAAAT-1,ROI1
CGTCGGATAGTGTTGA-1,
CGTCTGGAAGGGCCCG-1,ROI1
CGTCTTGAGTGTGACG-1,ROI2
CGTGAAGTTAATTCAC-1,ROI1
CGTGACATTGGGTCGT-1,
CGTGCAGACTGGGACA-1,ROI1
CGTGCATTGTCGACGC-1,ROI1
CGTGCCCTCCCGAAGA-1,
CGTGGAAGCCTCGTAC-1,ROI2
CGTGGCCGAATATCTA-1,ROI2
CGTGTCCCATTCGCGA-1,ROI1
CGTGTGTTAAACCCTG-1,ROI2
CGTTAAACTAGTTAGG-1,ROI2
CGTTCTTCGCACACCT-1,
CGTTGAGCGACCGTCG-1,ROI1
CGTTGTAAGATTGATT-1,ROI2
CGTTGTTTCAATTCCC-1,ROI1
CGTTTCACTTCGGGCG-1,
CGTTTCGCTCATTACA-1,ROI1
CTAAAGAATGCCTACT-1,ROI1
CTAAAGGGAAATAGGA-1,ROI1
CTAAATCCTATTCCGG-1,
CTAACCGCGCGCCCGT-1,ROI1
CTAACGAAACTTGCTG-1,
CTAAGGGAATGATTGG-1,ROI1
CTAATTCGCACGCGCT-1,ROI1
CTAATTCTCAGATATT-1,ROI2
CTAATTTCAACAACAC-1,ROI1
CTACCCTAAGGTCATA-1,
CTACGCACGGAGTACC-1,ROI1
CTACTATCTTTCAGAG-1,
CTACTCTAGGCCCGGC-1,ROI1
CTACTGCCACCTGACC-1,ROI1
CTAGATGTGAGTGTAA-1,ROI2
CTAGATTTACGACGGC-1,ROI1
CTAGCATAGTATAATG-1,ROI1
CTAGCCGATGTTATGA-1,
CTAGCTTAATGGTCCC-1,ROI2
CTAGGCGCCCTATCAG-1,
CTAGGTCTGAAGGAAT-1,ROI2
CTAGTCACGTCTTAAG-1,ROI1
CTAGTGAAGGACAGGA-1,ROI1
CTAGTTGGGCCCGGTA-1,ROI1
CTATAAGAGCCAATCG-1,
CTATCGACGAAATACA-1,
CTATCGGGTCTCAACA-1,ROI1
CTATGGGAAGCGGAAT-1,ROI2
CTATGTCACTAGCCCA-1,ROI1
CTATTTGGTTACGGAT-1,
CTCAGTCACGACAAAT-1,
CTCATCACTTAGTGAT-1,ROI2
CTCATTAACGTTGCCC-1,ROI2
CTCATTTGATGGGCGG-1,ROI1
CTCCCAATGAGTCGCG-1,ROI2
CTCCGGCCTAATATGC-1,ROI1
CTCCTGTTCAAGGCAG-1,ROI2
CTCCTTTACGCAAGTC-1,ROI2
CTCGAGGTCGAACAGT-1,ROI1
CTCGATATTTGCGAGC-1,
CTCGCACCTATATAGT-1,ROI1
CTCGGGATAACACCTA-1,ROI2
CTCGGTACCACTGCTC-1,
CTCGGTCCGTAGCCTG-1,ROI1
CTCGTTTCTAATGTTT-1,
CTCTAATGCATTGATC-1,ROI2
CTCTCACAATCGATGA-1,ROI1
CTCTGGACGCCTGGTG-1,ROI1
CTCTTCTATTGACTGG-1,ROI2
CTGAAAGAGATCCGAC-1,ROI1
CTGAATTTATTGCCAG-1,
CTGACATAGAAATAGA-1,ROI2
CTGACTGCGCAGCTCG-1,ROI2
CTGAGAAAGTTCGGCG-1,ROI2
CTGAGCGAGACTTATT-1,ROI2
CTGATAGTGTATCTCA-1,ROI1
CTGCACCTAGTCCACA-1,ROI2
CTGCACCTGGAACCGC-1,ROI1
CTGCCAAGGTTGGAAG-1,ROI1
CTGCCATGCATCACAT-1,ROI1
CTGCCTCATATGCAAC-1,ROI2
CTGCGGGTGAAATGTT-1,ROI1
CTGCGTTACGATATAA-1,
CTGCTGTCTAACGAGC-1,ROI2
CTGCTTTATGTCCGCG-1,ROI2
CTGGAAATGGATGCTT-1,ROI1
CTGGAAGACACGGTGG-1,
CTGGCGACATAAGTCC-1,
CTGGCGCACAGGTCTG-1,
CTGGCTGATTCATCCT-1,ROI2
CTGGGATAAATAATGG-1,
CTGGGATACGCTACCC-1,ROI2
CTGGGTAGGCAGTTAA-1,
CTGGTAACACATAGAA-1,
CTGGTAACGAGCTCTT-1,
CTGGTTCGCGAGCTAC-1,ROI2
CTGGTTTCGAGCAAGA-1,
CTGTACTTCTTAGCAT-1,ROI1
CTGTATGGTGTAGAAA-1,ROI1
CTGTCAAATGGCTCGG-1,
CTGTGCAGGGTAGGTC-1,ROI1
CTGTTCACTGCCTGTG-1,ROI1
CTGTTCATCTCACGGG-1,ROI1
CTTACACGGTATTCCA-1,ROI1
CTTACACTGGGAAATA-1,ROI1
CTTAGCCTTCCACATG-1,ROI1
CTTAGTAGGCCTACAG-1,ROI2
CTTCATAGCTCAAGAA-1,ROI1
CTTCATTGTCAGTGGA-1,ROI1
CTTCGGCCAATTGTTT-1,ROI2
CTTCGTAGATAGGTGA-1,ROI1
CTTGAGTTAGGGTAAT-1,
CTTGCCCAGGCTCTAC-1,ROI1
CTTGTACTTGTTGACT-1,ROI1
CTTGTGCTCACCGATT-1,
CTTGTTGCTGAGTCAA-1,ROI1
CTTTAACTTTCAAAGG-1,ROI1
CTTTACCGAATAGTAG-1,
CTTTAGGAACACTGTT-1,
CTTTAGTGCTATTATT-1,ROI1
CTTTGCTGTCATGGAT-1,ROI2
CTTTGGCGCTTTATAC-1,ROI1
CTTTGGCTTTAGTAAA-1,ROI1
GAAACAGATGACCACC-1,
GAAACCATGGTGCGCT-1,ROI2
GAAACTCGTGCGATGC-1,ROI1
GAAAGAACAGCGTTAT-1,ROI2
GAAAGCCCTTTGGACC-1,ROI1
GAAAGTGACTAACTGC-1,ROI1
GAAATATCACCATCAG-1,ROI1
GAAATCGCGCGCAACT-1,ROI1
GAAATGGCGGTGTTAG-1,ROI1
GAAATTAGCACGGATA-1,
GAAATTGTCTCTATAA-1,ROI1
GAACACACATCAACCA-1,ROI1
GAACGACCGAATGATA-1,ROI1
GAACGATAAGTTAAAG-1,ROI2
GAACGCGGGTCACACG-1,ROI2
GAACGTCTCATGGTCG-1,
GAACGTTAGGAAGACG-1,ROI1
GAAGCGTGAGGAATTT-1,ROI1
GAAGCTTGCTGACCGC-1,ROI1
GAAGGCTACCATTGTT-1,ROI2
GAAGTCTCCCTAGCGA-1,
GAAGTGATTTATCGTG-1,ROI1
GAAGTGCTGGATAGCT-1,ROI1
GAAGTTTCCACTCAAT-1,ROI1
GAATAGACGCGACCCA-1,
GAATAGCATTTAGGGT-1,ROI2
GAATCGACATGGTCAC-1,ROI1
GAATCTGAACATTCTC-1,ROI1
GAATGTGGTCCGGATT-1,
GAATGTTGGGTAATCT-1,ROI1
GAATTATAGTGAAAGG-1,ROI1
GAATTTCTCGCTGCAG-1,ROI1
GACAAACATATGCAGG-1,ROI2
GACAACGACCATTGAA-1,ROI1
GACAACGCAGCTTACG-1,ROI1
GACAAGAGATGAGATT-1,ROI2
GACACAAGGGAAGAAA-1,ROI1
GACACTGGAACCCGAT-1,ROI2
GACAGCCAGACCTGAC-1,
GACCAGAGCCCTGTAG-1,ROI1
GACCGACGTGAAAGCA-1,ROI2
GACCGACTGAAGCGTC-1,ROI1
GACCGCGTCTGACGTG-1,ROI2
GACCGTGCTGACGGTG-1,ROI1
GACGCTTGCTTCTAAA-1,ROI1
GACGGTCAATAGAAGC-1,
GACGGTCCTAGGGTGT-1,ROI2
GACGTGTAGGGATTAT-1,ROI1
GACGTTCGTAAATACA-1,ROI2
GACTAAGATCATGCAC-1,ROI1
GACTAAGTAGGCTCAC-1,ROI1
GACTCACCCACGTGAG-1,ROI2
GACTCCCAGAATAAGG-1,ROI2
GACTCGCGGGAATGAC-1,
GACTGCACCAGCCCAG-1,
GACTGCGGCACGTGTA-1,ROI1
GAGACTGATGGGTAGA-1,ROI1
GAGAGGGCGCGAGGTT-1,ROI1
GAGATCTGCTTGGCAT-1,ROI1
GAGATCTGTCACTCCG-1,ROI1
GAGATCTTCCATGACA-1,
GAGATGACAATCCTTA-1,ROI2
GAGCACGGCGCCTCTT-1,ROI2
GAGCGCAAATACTCCG-1,ROI2
GAGCGCGCACGAGTAG-1,
GAGCTAAGGGCATATC-1,
GAGCTGTCGTCTCGGA-1,
GAGGAATGGAGAGGTT-1,ROI1
GAGGATAAACAGTGCT-1,ROI2
GAGGCTATCAAAGTCG-1,ROI1
GAGGGCGCAGCTCTGC-1,
GAGTAAACCGGAAAGT-1,ROI2
GAGTATCAAAGTTACA-1,ROI2
GAGTGTGCGGTACCCA-1,
GATAACTCGCACTGTG-1,
GATACCGTGTCGGAGT-1,ROI2
GATAGGATTAATTACA-1,ROI2
GATAGGTGTCCCGGGC-1,ROI2
GATATGAGACACTAAC-1,
GATATGCGGTAGCCAA-1,
GATATGGATTACGCGG-1,ROI1
GATATTGAGATTGGCG-1,ROI2
GATATTTCCTACATGG-1,
GATCATTCCAAACATT-1,ROI1
GATCCCTTTATACTGC-1,ROI1
GATCCGAATATAAGTG-1,ROI2
GATCCGGGAATTAACA-1,ROI1
GATCCTAAATCGGGAC-1,
GATCGACACTATCTGA-1,ROI1
GATCGCGGGCTCTCCA-1,ROI1
GATCGCTACCCGATTT-1,ROI2
GATCGGTGGCCATAAC-1,ROI1
GATCGTGACTGATATC-1,ROI1
GATCTCGACGCTGTGG-1,ROI2
GATCTTGGAGGGCATA-1,ROI1
GATCTTTGCAGGGTAT-1,ROI1
GATGCGTCCTGCATTC-1,ROI1
GATGCTACAAGCGCCT-1,ROI1
GATGCTGTATTTCATC-1,ROI1
GATGTTCAATCCACGA-1,ROI1
GATGTTTGTGCGAGAT-1,ROI1
GATTACTGAATTTGGG-1,ROI1
GATTCCCTTGTCGCAG-1,ROI1
GATTCCGCGTTTCCGT-1,ROI1
GATTCCTATACGGCGC-1,ROI1
GATTCGACGGTTCACG-1,ROI1
GCAAACCCTACATTAT-1,
GCAAACGTCGCCAGGT-1,ROI2
GCAAATATTACGCTTT-1,ROI1
GCAACAGCAGTATGCG-1,ROI2
GCAACGGCTAGTTATG-1,ROI2
GCAAGTGCACAGAGAA-1,ROI1
GCAATTAGTCGCACCG-1,ROI2
GCACAAACGAGGCGTG-1,ROI2
GCAGAAGGTAATCTCC-1,ROI2
GCAGACCCAGCACGTA-1,ROI2
GCAGATCCATAAGACT-1,
GCAGATTAGGGATATC-1,ROI1
GCAGCACACAGCCCAG-1,ROI1
GCAGCCTATATCACAT-1,ROI2
GCAGGACTATAGAATA-1,ROI1
GCAGGTAGAGTATGGT-1,
GCAGTGCGGGCGGATG-1,ROI2
GCAGTTCGATCCGAGC-1,ROI2
GCATAGAGCACTCAGG-1,ROI1
GCATCGGCCGTGTAGG-1,ROI2
GCATGAGGGACGCGGC-1,
GCATTCAAGGCAACGC-1,ROI2
GCATTCGAAATGAACA-1,ROI1
GCATTTCCAAGGCTCC-1,ROI2
GCCAACCATTTCCGGA-1,ROI2
GCCAATAGGGCATCTC-1,
GCCACTCCTTACGGTA-1,ROI2
GCCAGGAGTAACCGAT-1,
GCCATATTGCACACAG-1,
GCCATCGATGCTGCAT-1,ROI2
GCCCAGATGCTGGAGA-1,ROI2
GCCCAGTTGGTATGCC-1,ROI1
GCCCGCGCGTTTGACA-1,ROI1
GCCCGTAATACCTTCT-1,ROI1
GCCGAAATTCCTACGT-1,ROI1
GCCGATTGGCCAAGCT-1,ROI1
GCCGCACTCCGTTTCA-1,ROI2
GCCGCTTGTGAGAAAC-1,ROI1
GCCGGGTTAGGGTCGC-1,ROI1
GCCGTGGAAGAAATGT-1,ROI2
GCCTAGCGATCTGACC-1,ROI1
GCCTATAGTGTCAGGG-1,
GCCTATTCCGATATAG-1,ROI1
GCCTCATCTGGAAATA-1,
GCCTTCAGCCCTACCG-1,ROI1
GCGAAACTTAACTGGA-1,
GCGAAGCCATACCCGT-1,ROI1
GCGACATGTAAACATC-1,ROI2
GCGAGAGGCCATGTAA-1,ROI2
GCGAGAGTTGCGTCCA-1,ROI2
GCGAGCGCATGCTCCC-1,ROI2
GCGAGGCCCGAGCAGA-1,ROI1
GCGAGTTCTGCAAAGA-1,ROI1
GCGATTGTTAACGTTA-1,ROI1
GCGCAAGAGCGCGCTG-1,ROI2
GCGCATCCAGTCAGCA-1,
GCGCCGTTCCACGATA-1,ROI1
GCGCCTCCCACTCCGA-1,ROI2
GCGCTAATTGAATAGA-1,ROI1
GCGCTATGCCGAGGCA-1,ROI1
GCGCTCGATCACCTGT-1,ROI2
GCGCTGATCCAGACTC-1,
GCGCTGCTTTGCATTT-1,
GCGGAGAGGGAGAACG-1,
GCGGCTCTGACGTACC-1,ROI1
GCGGGAACCAGGCCCT-1,ROI1
GCGGGCATTACGATGC-1,ROI2
GCGGTGAACTGCGCTC-1,
GCGTAAATGGCCATAA-1,ROI2
GCGTCGAAATGTCGGT-1,ROI1
GCGTCTAACCTCCTAA-1,ROI2
GCGTCTCTGCATTGGG-1,ROI1
GCGTGGTACTGGGTTA-1,
GCGTTATATTTGGAAC-1,ROI1
GCGTTCGGAGACCGGG-1,
GCGTTCTGACTAAGCG-1,ROI2
GCTAAACCTGAGGTGA-1,ROI1
GCTAAGTAGTTTCTCT-1,ROI1
GCTAATACCGAATGCC-1,ROI1
GCTACGACTTATTGGG-1,ROI1
GCTACTATAGTAGAGT-1,
GCTAGACCGTCTACTG-1,ROI2
GCTAGCACCTGGGCCA-1,ROI2
GCTAGTAGAGCTTGTA-1,ROI1
GCTATACGTCTCGGAC-1,
GCTCCATGAGTGCAGA-1,ROI2
GCTCCCAGTCGGTCCA-1,ROI2
GCTCCGCTCGCTTCAG-1,ROI2
GCTCGCTCATGTCCAA-1,ROI2
GCTCGGAATTTAAAGC-1,
GCTCTAAACCCTGACG-1,ROI1
GCTCTATGTTACGTGC-1,ROI1
GCTCTCGGGTACCGAA-1,ROI1
GCTGAACTCTCCAGGG-1,ROI2
GCTGAGGCGTGAGTAT-1,ROI1
GCTGCACGGTTTCTTA-1,ROI1
GCTGCTCTCCGGACAC-1,ROI1
GCTGGCATATTCACCT-1,ROI1
GCTGTTGCTACCGAAC-1,
GCTTAATGTAACTAAC-1,
GCTTACGTAGTTAGTA-1,ROI2
GCTTATGAAGCAGGAA-1,
GCTTCCGTCCCTAGAC-1,ROI1
GCTTGATGATAATCAG-1,ROI1
GCTTGGATCGATTAGG-1,
GCTTTCAGAGGAGGTG-1,
GGAAACCTTGTTGAAT-1,
GGAAAGTGCCCATGCC-1,
GGAATGCGCTAGCGTG-1,
GGACACAAGTTTACAC-1,ROI2
GGACTCACAAATTAGG-1,ROI2
GGACTCTTCCGGTTGA-1,ROI2
GGAGAAGTCATTGGCA-1,ROI1
GGAGACCAATGTGCTT-1,ROI2
GGAGACGACACCTTTG-1,ROI1
GGAGCACCAAGAACTA-1,ROI1
GGAGGCCGAAGTCGTC-1,ROI2
GGAGGGCTTGGTTGGC-1,ROI1
GGAGTGCCGCCCTGGA-1,ROI1
GGATCCGGAATATACT-1,
GGATGAAGATCGCTGA-1,
GGATGACGCGAGTTTA-1,ROI1
GGATGTCCTTACCGCA-1,
GGATTCAGTACGGTGG-1,ROI1
GGATTCCGCTATACCC-1,ROI1
GGATTTCACTTCTATA-1,
GGCAAATTACTTTACT-1,ROI1
GGCAAGGCGAAATAGC-1,ROI1
GGCAATAGTCAATGAG-1,ROI1
GGCACTCAGCCGACCC-1,ROI2
GGCACTCCACTGGGCA-1,ROI1
GGCAGCAAACCTATGC-1,ROI2
GGCATACAGGTAGCGG-1,ROI1
GGCATATCGGTTCTGC-1,
GGCCCGGAGCATGTCT-1,ROI2
GGCCCGTATACCATGC-1,ROI2
GGCCCTCACCCACTTA-1,ROI1
GGCGAAATCTAACTTG-1,
GGCGCAGGACATCTTC-1,ROI1
GGCGCATGAATTGATG-1,ROI1
GGCGGAGTAATATTAG-1,ROI1
GGCGGGCTCTAAGAGT-1,ROI2
GGCGGTAGGATCATTG-1,ROI1
GGCGTCCTATCCGCTG-1,ROI1
GGCTAAAGGGCGGGTC-1,
GGCTATTAAGTTGTAT-1,ROI1
GGCTCGCGTTGAGGTA-1,
GGCTCGTGCCACCAGC-1,ROI1
GGCTCTGCTCCAACGC-1,ROI1
GGCTGAAATAGCAAAG-1,
GGGAACGGGAGGTTAG-1,ROI1
GGGAATGAGCCCTCAC-1,
GGGACTGCATAGATAG-1,ROI1
GGGAGAACTCACAGTA-1,ROI1
GGGAGGATGCCCGAAA-1,ROI1
GGGAGTTAATGAGGCG-1,ROI1
GGGATTTACCGCACCT-1,
GGGCCCGTCTTAAACA-1,ROI1
GGGCCGGCCGAAGTAC-1,
GGGCGATATGTGTGAA-1,ROI1
GGGCGCAGCGTTACTC-1,ROI2
GGGCGTACATTTATAT-1,ROI1
GGGCGTCCACTGGCTC-1,
GGGCTCATCGAACCCA-1,
GGGCTGCCTAGGGCGA-1,ROI1
GGGCTGGTTAGTCGCG-1,ROI1
GGGTACTTCATGAACT-1,ROI1
GGGTATGTATGCACTT-1,ROI1
GGGTCACCGTGACGGT-1,ROI1
GGGTCGTGGCAAGTGT-1,ROI2
GGGTGCATATGAAAGC-1,ROI2
GGGTGTTTCAGCTATG-1,ROI1
GGGTTTAGGATAGGAT-1,ROI2
GGTACAAACATGCTAT-1,ROI1
GGTACACCAGATTTAT-1,ROI2
GGTACCATTAAGACGG-1,ROI2
GGTACTAAGTGCTTTG-1,ROI2
GGTAGTGCTCGCACCA-1,ROI1
GGTATAGTGACACATA-1,ROI2
GGTATTGCCGAGTTTA-1,ROI1
GGTCAAGACTACTTCG-1,ROI2
GGTCGGATAAACGGCG-1,
GGTCGGCCAGGAGCTT-1,
GGTCTCCAAGTAGTGC-1,ROI2
GGTCTGAGAATCTGGA-1,ROI1
GGTGATAAGGAGCAGT-1,ROI1
GGTGCGGATAAGTGGC-1,ROI1
GGTGCTGATCACAAAG-1,ROI1
GGTGCTGGTACACATT-1,ROI1
GGTGGAGGTTGATACG-1,ROI2
GGTGTTGGGCGTCTTA-1,ROI2
GGTTACCCGACACTTT-1,ROI2
GGTTAGCTATATGTCT-1,
GGTTAGGCTTGGAGAA-1,ROI1
GGTTAGTTACGGCGCC-1,ROI1
GGTTCTACTCGTCTGA-1,ROI2
GGTTTAATTGAGCAGG-1,ROI2
GGTTTACAATCTCAAT-1,ROI1
GGTTTAGCCTTTCTTG-1,ROI2
GGTTTCAATCGGTCAG-1,
GTAAGCGGGCAGTCAG-1,ROI1
GTAAGTAACAGTCTGG-1,
GTAAGTAGGGTATACC-1,ROI1
GTAAGTCCACACTCTA-1,ROI2
GTAATAAAGGGCTCCC-1,ROI2
GTACACTTACCTGAAG-1,ROI1
GTACAGAGGCAAGGGT-1,
GTACGAGATTGCGACA-1,ROI1
GTACGCTTCATTGCAC-1,
GTACGTTTGCCCGTCA-1,ROI1
GTACTAAGATTTGGAG-1,ROI1
GTACTCCCTTATCGCT-1,ROI1
GTACTCCTGGGTATGC-1,
GTACTGGAGTTAGACC-1,ROI1
GTAGCGGCTATACACT-1,ROI1
GTAGCTTCCTCTTGTT-1,
GTAGGTGATCCGTGTA-1,ROI1
GTAGTCGCGGGAATCA-1,
GTATAGGACTCAGTAG-1,ROI1
GTATCAGCTTGGGTTC-1,ROI1
GTATCTTTCATAACCA-1,ROI1
GTATGTGGGTCTAGTT-1,
GTATTTAATGGCATAA-1,ROI2
GTCAAGCGGACTCGGG-1,ROI1
GTCAATGCTATAATTT-1,ROI2
GTCACTCTCCAAATCT-1,ROI1
GTCAGAATAGTCTATG-1,ROI1
GTCAGTTTGGTAGTCG-1,ROI1
GTCATGCACCTCCGTT-1,ROI1
GTCATGGACATGACTA-1,ROI1
GTCATTAGAGCGAACG-1,ROI1
GTCATTGCATTGACCC-1,ROI1
GTCCATTACTGCTACG-1,ROI2
GTCCCAACGTAAAGTA-1,ROI1
GTCCGGCTGAATTGCG-1,ROI1
GTCCTACGAATAGTCT-1,
GTCGATAGGTGACTTT-1,ROI2
GTCGCGTAACCCGTTG-1,ROI1
GTCGGATATCTCAGAC-1,ROI1
GTCGGATGTAGCGCGC-1,ROI1
GTCGTACCATCTCGGG-1,ROI1
GTCGTATTGGCGTACA-1,
GTCGTCTGGTTGGCTA-1,ROI2
GTCGTGTCTGGTCATC-1,ROI2
GTCGTTATTCGCTTAT-1,
GTCTATCTGAGTTTCT-1,ROI1
GTCTATTGGTTCCGGT-1,
GTCTCGACTAAGTTTG-1,ROI2
GTCTCGATCTGCTTTC-1,ROI1
GTCTTGAGGAGCAGTG-1,ROI2
GTCTTGTAGCTATTCA-1,ROI2
GTGAAACGGCGCCACC-1,
GTGAACTCCCATTCGA-1,ROI2
GTGAAGATTTCAAGTG-1,
GTGAAGCCGTATAGTC-1,
GTGACCGCACACTACG-1,
GTGACCTAAAGAATAA-1,ROI2
GTGACGAGGGTGACCC-1,ROI2
GTGAGCGTGCTGCACT-1,ROI1
GTGAGGACACTTAAGG-1,ROI1
GTGATCACTAACGCCT-1,ROI2
GTGATCATAGATCTGC-1,ROI1
GTGCACGAAAGTGACT-1,ROI1
GTGCAGCGTAGAGTAG-1,ROI2
GTGCCCGTTCGGATTC-1,
GTGCGACAGGGAGTGT-1,ROI2
GTGCGGGTCTCCAAAT-1,ROI1
GTGCGTGTATATGAGC-1,
GTGCTCAAGTACTGTC-1,ROI1
GTGCTTACATCAGCGC-1,ROI2
GTGGAACCTACATGCG-1,
GTGGAGCATGTCGGCC-1,ROI2
GTGGGCTTAGACACAC-1,ROI1
GTGGTGATGGTTTGTG-1,ROI2
GTGGTGGCCAAGTGAA-1,
GTGGTTACTTCTTTCG-1,ROI2
GTGTACCTTGGCTACG-1,ROI1
GTGTACGAACCGTTCC-1,ROI2
GTGTGAATAACTTAGG-1,
GTGTTACTATGCGTCC-1,ROI1
GTTAAAGTAGGACTGG-1,
GTTAACTATGTTGTCA-1,ROI2
GTTAAGTTAGAGTGGG-1,ROI2
GTTAATGTCTATCTTA-1,ROI1
GTTACAATTGGTGACG-1,ROI1
GTTACCTACAACTTGC-1,ROI1
GTTACTTTGGGCCTAG-1,ROI1
GTTAGCCGTAAATCAA-1,ROI2
GTTATAATACGGTGAA-1,ROI2
GTTATATCAGGAGCCA-1,ROI2
GTTCACAGGAGTCTAG-1,ROI1
GTTCATCGTTTGGCTG-1,ROI2
GTTCCAGTCTGACCAT-1,ROI1
GTTCGCCATAAGTGCC-1,ROI1
GTTCGCTGAGACGTCT-1,ROI2
GTTCGGATCGGGAACA-1,ROI2
GTTCGGGCGTACCATT-1,ROI2
GTTCGTCTAAAGAACT-1,
GTTCTTCCCTCGATGT-1,ROI1
GTTGCACGGAGTTTCG-1,ROI1
GTTGCGCTAACATTAC-1,ROI2
GTTGCGGACGGTCAGG-1,ROI2
GTTGGATTGAGAACAC-1,
GTTGGATTTGCGTTGG-1,ROI1
GTTTCCTGGAGGGTGA-1,ROI1
GTTTCTGCAGTCTCCC-1,ROI1
GTTTGACCAAATCCTA-1,ROI1
GTTTGGCCCAAGTTAT-1,
TAAAGACAACCCTTTA-1,ROI2
TAAAGCGTTAGGAGAA-1,
TAAAGCTGCAATAGGG-1,
TAAATCTTTACACCTC-1,ROI2
TAAATGAATCCGTTTC-1,ROI1
TAACAAAGGGAGAAGC-1,ROI1
TAACAATATTTGTTGC-1,ROI1
TAACATACAATGTGGG-1,ROI1
TAACCTACCGTCCGAG-1,ROI2
TAACGCTTTGAGAGCG-1,ROI1
TAACTATCGAAGGTCC-1,ROI1
TAACTATTACGCCAAA-1,ROI2
TAACTCATCCGCGCGG-1,ROI1
TAAGCAGGCGACACGC-1,ROI1
TAAGGCAACATAAGAT-1,ROI1
TAAGGCTGAATCCCTC-1,ROI2
TAAGGGCTGGGAGAGG-1,ROI1
TAAGTTGCGACGTAGG-1,ROI2
TAATAAACAAGGAGAT-1,
TAATACACAGTAGTAT-1,ROI1
TAATAGCTAAATGATG-1,ROI2
TAATAGTGACGACCAG-1,
TAATATTGAAATTCGC-1,ROI1
TAATCAACCAAATGGG-1,ROI2
TAATCGATCCGTACGT-1,
TAATTAGGACATCCGT-1,ROI2
TACAACGCACAACTCA-1,ROI1
TACAAGTCTCGTGCAT-1,ROI1
TACACCGTCGTTAGTC-1,ROI2
TACATAGGCATACACC-1,ROI1
TACATGCCGGAATTGT-1,ROI2
TACATTTCTAACGTGC-1,ROI1
TACCATGTATTGATTT-1,ROI2
TACCGCGGACTTGCAG-1,
TACCGGCTCACTGCCC-1,ROI1
TACCTCACGCTTGTAC-1,ROI1
TACCTGCTGCACTGTG-1,ROI1
TACGAACACGACTTCA-1,ROI1
TACGACTGCCTCTTAG-1,ROI1
TACGAGAACTTCACGT-1,ROI1
TACGATGTTGATCATC-1,ROI1
TACGCAGTTCTTTCCT-1,ROI1
TACGCCATATTCTAAT-1,ROI1
TACGCCGCCTCAGAAG-1,ROI2
TACGCTATAGAAACCT-1,ROI2
TACGGGATGCTAGCAG-1,
TACGTGCAAGGTTCCT-1,ROI2
TACGTGCACTATGCTG-1,ROI1
TACTCTCCGAACAAAT-1,ROI1
TACTGCAATCAATTAC-1,
TACTGGACAGCTCGGC-1,ROI1
TACTGTTTCTCTGGTA-1,ROI2
TACTTGTTAGTAGTCC-1,
TACTTTACTGAGCCGG-1,
TAGAAAGGTGGCGCTA-1,ROI1
TAGACGCCCGTACCGG-1,
TAGACTACCTAGCGTT-1,ROI2
TAGAGTCTAAGCGAAC-1,ROI1
TAGATTCCTGGTTATT-1,ROI1
TAGCAACCTGTCACAA-1,ROI1
TAGCCATTTCAAAGTC-1,
TAGCCGGCGGTCAGCG-1,
TAGCGTCCCTCGATTG-1,ROI2
TAGCGTTGGGTCTTAC-1,ROI1
TAGCTAAGTCCGGGAG-1,ROI1
TAGGCATGTTACGCCA-1,
TAGGGAGCTTGGGATG-1,ROI2
TAGGGTGTTTCAAGAG-1,ROI1
TAGGTCCAAGTAAGGA-1,ROI1
TAGGTCGCCGGAACTG-1,ROI2
TAGGTGAGCCCTACTC-1,ROI1
TAGGTGCTCGCCTAGC-1,
TAGGTTCGAGTTCGTC-1,ROI1
TAGTCCGCAGAGAATG-1,ROI1
TAGTCGATCACGGGTT-1,ROI2
TAGTCTAACAACGAGA-1,ROI1
TAGTCTGTGACGTTGC-1,
TAGTCTTTCCGAATTG-1,ROI2
TAGTGCCCTCCAGAGT-1,ROI1
TATAAATCCACAAGCT-1,ROI1
TATAAGTGAGGATAGC-1,ROI1
TATACACGCAAAGTAT-1,ROI1
TATACCGAGTGCCACA-1,ROI2
TATAGATGGTCGCAGT-1,ROI2
TATAGGGTACTCATGA-1,ROI1
TATATCCCTGGGAGGA-1,ROI2
TATCACCCAACCGACC-1,
TATCACTTCGAGTAAC-1,
TATCCATATCATGCGA-1,ROI1
TATCGATCTATGCATA-1,
TATCGATGATTAAACG-1,ROI1
TATCTACAGAGGTAAT-1,ROI1
TATCTACCACAGCGGG-1,ROI1
TATGAAGACAGGTGCG-1,ROI1
TATGATCCGGCACGCC-1,ROI2
TATGCTCCCTACTTAC-1,ROI1
TATGGATGTGCTACGC-1,ROI1
TATGGCCCGGCCTCGC-1,ROI1
TATGGCTAGGCTAATT-1,ROI2
TATGGGACCGAGCAGG-1,ROI1
TATGGGTACGTATCGT-1,ROI1
TATGGTCTGAGTAACA-1,ROI1
TATGGTTAGTGGGAGA-1,ROI2
TATGTCAAGACCGACT-1,
TATGTCTCATTGTGCC-1,ROI1
TATTACCATCCTGCTT-1,ROI2
TATTCAATTCTAATCC-1,ROI1
TATTCGTGCCAGAATA-1,ROI1
TATTGACATTTCTGCC-1,ROI2
TATTTAGTCTAGATCG-1,ROI1
TATTTATACCGAGTAG-1,ROI1
TATTTGATTTGCACAG-1,ROI2
TATTTGTTACCCTTTA-1,ROI1
TCAAACAACCGCGTCG-1,ROI1
TCAAACTTAGATTGTT-1,ROI1
TCAACCATGTTCGGGC-1,ROI1
TCAACGAGGAGACAAA-1,ROI1
TCAACTAACGTATAAC-1,ROI1
TCAAGAAATACTAGCT-1,ROI2
TCAAGCTGCCTTGAAA-1,ROI2
TCAAGGTTACTACACC-1,ROI2
TCACAGGGAATCGCAA-1,
TCACAGGTTATTGGGC-1,ROI1
TCACATCTTATCTGAT-1,ROI1
TCACCCTCTTAAGATT-1,ROI1
TCACCGCTCGGCACTC-1,
TCACGCATTGTAGATC-1,ROI1
TCACGGTCATCGCACA-1,ROI1
TCACGTGCCCGATTCA-1,ROI1
TCAGAACCTCCACAGG-1,ROI2
TCAGACGCTATAGAAG-1,
TCAGCAAATGCATCTC-1,ROI1
TCAGGGTGTAACGTAA-1,ROI1
TCAGGTTCTTTGAGAA-1,ROI1
TCAGTACTGACCCGCG-1,ROI1
TCATACTTACAGATCC-1,ROI1
TCATGCAGGTTCTCAT-1,
TCATTTAAGTCTCCGA-1,ROI2
TCATTTAGAAGTGTGA-1,ROI2
TCCAACTTTAAATTCT-1,ROI1
TCCACAATGGTTTACG-1,ROI1
TCCACTTTATCTAGGT-1,ROI1
TCCAGAGCACCGGTTC-1,ROI1
TCCAGATGTACGCCAA-1,ROI2
TCCAGCGCTATAAGCG-1,ROI2
TCCAGGCGAGTACGGT-1,ROI1
TCCCAAACAGACAACG-1,ROI2
TCCCAAAGACGAAGGA-1,ROI1
TCCCAAAGCCCTAAAT-1,ROI2
TCCCACTCTCTTCCGG-1,ROI2
TCCCAGCACACGACAT-1,ROI2
TCCCAGCTTTAGTCTG-1,ROI1
TCCCAGGCTTAGCTAA-1,ROI1
TCCCGCCTATGTGCGT-1,ROI2
TCCCGCGTACTCCTGG-1,ROI1
TCCCGGGTGTGCTGCT-1,ROI1
TCCCGTCAGTCCCGCA-1,ROI1
TCCCGTCGCGTCATAG-1,ROI2
TCCCGTGTGCAATTTG-1,
TCCCTAGATCAATAGG-1,ROI2
TCCCTGGCTCGCTGGA-1,ROI1
TCCCTTAGATTACTCG-1,
TCCGAACGTTGCCGCT-1,ROI2
TCCGAACTTGGCTTAC-1,ROI1
TCCGAATGGTCCTGAG-1,ROI2
TCCGATAATTGCCATA-1,ROI1
TCCGATGACTGAGCTC-1,ROI1
TCCGATGGTGCGACAT-1,ROI1
TCCGATTACATTGCCG-1,ROI1
TCCGCGGCAGCATCTG-1,
TCCGCGGCCCAATGAA-1,ROI2
TCCGCTGTCATCCCGG-1,
TCCGGCCTAGCGTACA-1,
TCCGTTAAGCTAATAT-1,ROI2
TCCGTTTAGCCTTGAA-1,
TCCTACATCCACGGCC-1,
TCCTAGCAAAGAAGCT-1,ROI1
TCCTATCATAGGTAAC-1,ROI2
TCCTCGGGCTGGGCTT-1,ROI1
TCCTCTACGAGATGGC-1,ROI1
TCCTCTCCAGTTGTCC-1,ROI1
TCCTGCGTTGATACTC-1,ROI1
TCCTTACGACGGTCCG-1,
TCCTTCAGTGGTCGAA-1,ROI1
TCCTTTCTTACGCTTA-1,ROI1
TCGAAATTTAGGACCA-1,ROI1
TCGAAGAACCGAGCAC-1,ROI2
TCGAGACCAACACCGT-1,ROI1
TCGAGGGCAACAGACG-1,ROI2
TCGCAAAGATGCATTT-1,
TCGCACCAGGAGGCAG-1,
TCGCCGGTCGATCCGT-1,ROI1
TCGCGTCCAGAAGGTC-1,ROI1
TCGCTAAACCGCTATC-1,
TCGCTCGATATATTCC-1,ROI1
TCGCTCGGCACCAGCG-1,ROI2
TCGCTGGGCGGATTGT-1,ROI1
TCGCTGTGCGTAAATC-1,ROI1
TCGCTTTAAACGTTTG-1,
TCGGAATGCGCTCTGA-1,ROI1
TCGGACGCCCAGCCCA-1,ROI1
TCGGAGTACATGAGTA-1,ROI1
TCGGCGAACCCAAACC-1,ROI2
TCGGGAACGTGCCTAG-1,ROI2
TCGGGCCGTCGTGGTA-1,
TCGTAAGACGACATTG-1,ROI1
TCGTATTACCCATTGC-1,ROI1
TCGTCACACTGTTAGC-1,ROI1
TCGTCCGCTGGCGTCT-1,ROI1
TCGTGTACTATGGATG-1,
TCGTGTATTGGTCACG-1,ROI2
TCTACCGTCCACAAGC-1,ROI1
TCTAGCATCTTCGATG-1,ROI1
TCTAGGTGGCGACGCT-1,
TCTAGTGATATCGTGG-1,ROI2
TCTAGTTATCAGAAGA-1,ROI1
TCTATCATGCAGTTAC-1,ROI1
TCTATCGGTCGCAACA-1,ROI1
TCTCATGAGATAGGGT-1,
TCTCCAACGTAGGTTA-1,ROI1
TCTCGACGTATCGCCG-1,ROI2
TCTCGAGGAGGTTCGC-1,ROI2
TCTCTAATAGCTGGTA-1,ROI1
TCTCTCGCCGCACATA-1,ROI2
TCTGAACCGGTCGGCT-1,ROI1
TCTGAACTCGTACCCG-1,
TCTGAATTCCGTACAA-1,
TCTGACGGGCTAACCC-1,ROI2
TCTGAGCAATTGACTG-1,ROI2
TCTGATCGGGTGCTAG-1,ROI2
TCTGATGTATTCTGTC-1,
TCTGATTGGAAATGGA-1,ROI2
TCTGCACCATTAGTAA-1,ROI2
TCTGCCAGAAACTGCA-1,
TCTGCTTAGAACAAGC-1,ROI2
TCTGGAGCGTAAGAGT-1,ROI2
TCTGGCCGTTCAAGTT-1,ROI2
TCTGGGAACCTTTGAA-1,ROI2
TCTGGGTAGCGCTCAT-1,ROI1
TCTGTGCCATCATAGT-1,ROI1
TCTTACCGGAACTCGT-1,
TCTTACGGCATCCGAC-1,ROI1
TCTTACTTATGCCTCT-1,
TCTTAGAGCTCCAATT-1,ROI2
TCTTAGAGTGAACTCT-1,ROI2
TCTTCCCATGGGCACA-1,
TCTTCGAATAGACGTT-1,ROI1
TCTTCGATACCAATAA-1,ROI1
TCTTCTATAACCCGCC-1,ROI2
TCTTGATGCGTAGCGA-1,ROI1
TCTTGGTAACACCAAA-1,ROI1
TCTTTAAGACTATGAA-1,ROI2
TCTTTAGAGTCTAACA-1,ROI2
TCTTTAGCAGGCGAAC-1,ROI2
TGAAAGGACCTGACTC-1,
TGAATGTCAGCCGGCC-1,ROI2
TGACAACGCATGTCGC-1,ROI2
TGACATCGAGCGGACC-1,ROI2
TGACCCACGTTAGACA-1,ROI1
TGACGATGCACTAGAA-1,
TGACTATAATCCTTTC-1,ROI1
TGAGAATGCTTTACCG-1,ROI1
TGAGAGATTTACCACG-1,
TGAGCTTTAATGACGC-1,
TGAGTGGTCCGTGACG-1,
TGAGTTAAAGACATTC-1,ROI2
TGATCCCAGCATTAGT-1,ROI2
TGATCGGTTTGACCCT-1,ROI1
TGATCTCCGGCGCCAG-1,ROI1
TGATGGCTGTTTCTGA-1,ROI2
TGATTCGTCTATCACT-1,ROI1
TGATTTATTAGCTGTG-1,ROI1
TGCAAGAATGACGTAA-1,ROI1
TGCAGAGTACCGAGCA-1,ROI1
TGCAGGATCGGCAAAG-1,ROI1
TGCAGTTTCCTCCCAT-1,
TGCATATGTCTGTCAC-1,
TGCATGGATCGGATCT-1,ROI1
TGCATGTGGTAATCTA-1,ROI1
TGCCACCTGGCGAAAC-1,ROI1
TGCCATTACTAAAGAA-1,
TGCCCGTACCGTTAAA-1,
TGCCGAAAGCGTATTC-1,ROI2
TGCCTAAATTTAATAG-1,ROI2
TGCCTGATCAAACGAT-1,ROI1
TGCGCAAAGCATTTGG-1,ROI1
TGCGCCGTTAATAACG-1,ROI2
TGCGCGATTAACGGAG-1,ROI1
TGCGGAGTAAAGGTGC-1,ROI1
TGCGTTTGTTGACACT-1,ROI1
TGCTAAGTGTCTATTT-1,
TGCTCCACAGTTCTTA-1,
TGCTCTGCCGGTTCAC-1,ROI2
TGCTGGTTGGACAATT-1,ROI1
TGCTGTTGAAGAACTC-1,ROI1
TGGAACCACTGACACA-1,
TGGAAGAAGGGAACGT-1,ROI1
TGGAAGGATAAAGATG-1,ROI1
TGGAATATCCTTGACC-1,
TGGAATTAGACGCTTT-1,ROI1
TGGACTGTTCGCTCAA-1,ROI1
TGGAGTGATGCGATGA-1,ROI1
TGGCAAACTAAATTAC-1,
TGGCAACTCGCGCGCC-1,
TGGCAATGGGACGGCG-1,ROI2
TGGCAGATTACGATCA-1,ROI1
TGGCAGCAGTAATAGT-1,ROI1
TGGCCAAACTGAAGTA-1,ROI1
TGGCCGTATATTGACC-1,ROI1
TGGCTTTGGGTAGACA-1,ROI1
TGGGAAATGCCTTTCC-1,ROI1
TGGGCAATAGTTGGGT-1,ROI2
TGGGCACGTTCTATGG-1,ROI1
TGGGCAGGCCACCGCA-1,ROI2
TGGGCCACAAGAGCGC-1,ROI1
TGGGCCCATACTAATT-1,
TGGTAGAATATATGGG-1,ROI2
TGGTCTGTTGGGCGTA-1,ROI1
TGGTGATCGTATTTGT-1,ROI1
TGGTTAAGGGCGCTGG-1,ROI2
TGGTTCGTAGCAAAGG-1,ROI1
TGGTTTAAACGTGGGT-1,ROI2
TGTACGAACAAATCCG-1,ROI1
TGTAGGAGAAATTTCC-1,
TGTAGTGATCTATAAT-1,ROI1
TGTATAACAGATCCTG-1,ROI1
TGTATACGGATGATGA-1,ROI2
TGTATGGCGCAGACAG-1,
TGTCATTTGTTGGGAA-1,
TGTCCGTGGCGCCTTT-1,ROI1
TGTCCTAAGTCACCGC-1,ROI1
TGTGACTACGCCAGTC-1,ROI1
TGTGCCGGTGCCGGAA-1,ROI2
TGTGGACTATCTACGT-1,ROI2
TGTGGCAAAGCGTATG-1,
TGTGGCTCCCACCAAC-1,ROI2
TGTGGTAGGGTGCCTT-1,ROI2
TGTGTCGCGAGTTGCA-1,ROI1
TGTGTTCGTATCCAAG-1,ROI1
TGTTATTGTATGTGGC-1,
TGTTCCGCTTCCATGA-1,ROI1
TGTTCTTCCATTGACT-1,ROI1
TGTTGCCGTCGTCCCA-1,ROI2
TGTTGTCAAGAAGTCT-1,ROI1
TGTTTCGGTACTTCTC-1,ROI1
TGTTTGAGATCGTCAG-1,ROI2
TTAAACTCGAATTCAT-1,
TTAACACCTCGAACAT-1,ROI1
TTAACCAACCCTCCCT-1,ROI1
TTAACGAACAAGCAGT-1,ROI2
TTAAGATAGGATTGAC-1,ROI2
TTAAGCGCCTGACCCA-1,ROI1
TTAATCAGTACGTCAG-1,ROI1
TTAATGTAGACCAGGT-1,ROI1
TTAATTTCAGACGCGG-1,ROI1
TTACAACTACGCATCC-1,ROI1
TTACAGACCTAAATGA-1,
TTACATCGTGGCCTGG-1,ROI1
TTACATGCCACAACTA-1,ROI2
TTACCATTGATTACCC-1,ROI1
TTACCCATTGCCGGGT-1,
TTACCCTAACAGTCCT-1,ROI1
TTACGGATGGTTCGAG-1,
TTACTAAAGGACTTTA-1,
TTACTCCGGCCGGGAA-1,ROI1
TTACTGGGATATTTCA-1,ROI1
TTAGACACGATCGTTG-1,
TTAGACGAGTCACCTC-1,
TTAGAGTTTAGAAGGA-1,
TTAGCAACATGGATGT-1,ROI1
TTAGCTAATACGATCT-1,
TTAGCTCTGTAATCCG-1,ROI1
TTAGCTGATTTGCCGT-1,
TTAGGATGGGAGGGTA-1,ROI2
TTAGTAGGGCGGCGGG-1,ROI1
TTAGTTATTCGTGGCA-1,
TTAGTTCAAGTGTTCG-1,ROI2
TTATATACGCTGTCAC-1,ROI1
TTATATTTGGCAATCC-1,ROI1
TTATCCGGGATCTATA-1,
TTATCGCCTGCGAAGC-1,ROI1
TTATCTGTATCATAAC-1,ROI1
TTATGAATGAAAGGGA-1,ROI1
TTATGACAAACTGGAT-1,ROI1
TTATGATCTTAACGAA-1,
TTATGTTTGCGATAGA-1,ROI1
TTATTAGAGCGTGTTC-1,ROI1
TTATTAGGGAAGCATC-1,ROI1
TTATTATCTGGAAGGC-1,ROI2
TTCAAAGTCTCTAGCC-1,ROI1
TTCAACGACCCGACCG-1,ROI1
TTCAATACTCTGAATC-1,
TTCACGAAAGGATCAC-1,ROI1
TTCAGCCCTGGTCCAC-1,
TTCATGGCGCAACAGG-1,ROI1
TTCCAATCAGAGCTAG-1,
TTCCAGACGAGATTTA-1,ROI2
TTCCGCAGAGAAATAT-1,
TTCCGCGTGAGGCGAT-1,ROI1
TTCCGGTATCTGTGTC-1,ROI2
TTCCGGTTACCCACTT-1,
TTCCTCGAGGGTGTCT-1,ROI1
TTCCTCGGACTAACCA-1,
TTCGACGGGAAGGGCG-1,ROI1
TTCGCACTCGCGTGCT-1,ROI1
TTCGCTAGGAAGTTGT-1,ROI2
TTCGCTATCTGACGTG-1,
TTCGGCAACCCGCTGA-1,
TTCGGGACTAATCGCG-1,ROI1
TTCGGTGGAGACGCCC-1,ROI2
TTCGTACTCCAGAACG-1,ROI1
TTCGTTCAACGAAGTT-1,
TTCTAACCGAAGCTTA-1,
TTCTACTTGCGAGGGC-1,ROI1
TTCTAGGCCAATTGTG-1,ROI1
TTCTATGCCTTTCGCA-1,ROI2
TTCTGCGAGCGCCCTT-1,ROI1
TTCTGCGGGTTAGCGG-1,
TTCTGCTAGACTCCAA-1,ROI2
TTCTTAGTGGCTCAGA-1,ROI1
TTCTTATCCGCTGGGT-1,ROI2
TTCTTGCTAGCATCTC-1,ROI2
TTCTTGGAGTAATGAG-1,ROI1
TTCTTGTAACCTAATG-1,ROI1
TTCTTTGGTCGCGACG-1,
TTGAAGAATTCCCAGG-1,ROI1
TTGAATATGGACTTTC-1,ROI1
TTGAATTCACGTGAGG-1,ROI2
TTGACAGGAGCTCCCG-1,ROI2
TTGACCATGTTCTCCG-1,ROI1
TTGACGCTCCATGAGC-1,ROI2
TTGACTATTGTCCGGC-1,ROI2
TTGAGCAGCCCACGGT-1,ROI2
TTGAGCGCCACGTGAT-1,ROI2
TTGAGTCCCGCTGCTG-1,ROI2
TTGATAGTCAATACAT-1,ROI2
TTGATCTAACTTTGTC-1,ROI1
TTGATGTGTAGTCCCG-1,
TTGATTATGCAGATGA-1,ROI1
TTGCACAATTCAGAAA-1,ROI1
TTGCACGGAGCAGCAC-1,ROI1
TTGCCAAGCAGAACCC-1,ROI2
TTGCCCTGATCACGGG-1,ROI1
TTGCGTAGTTTGAGGA-1,ROI1
TTGCTCCCATACCGGA-1,ROI1
TTGCTGAAGGAACCAC-1,ROI1
TTGCTGATCATGTTCG-1,ROI1
TTGGACCATCTGGCAA-1,ROI2
TTGGATTGGGTACCAC-1,ROI1
TTGGCCTAGAATTTCG-1,
TTGGCGATCCGAATAT-1,ROI2
TTGGCTCGCATGAGAC-1,ROI1
TTGGGACACTGCCCGC-1,ROI1
TTGGGACGTAAGAGTT-1,ROI2
TTGGGCGGCGGTTGCC-1,ROI1
TTGGTATGGCTTGTGT-1,ROI2
TTGGTTCGCTCAAAGG-1,ROI2
TTGTAAGGCCAGTTGG-1,ROI1
TTGTAATCCGTACTCG-1,ROI1
TTGTCGTTCAGTTACC-1,ROI1
TTGTGGCCCTGACAGT-1,ROI1
TTGTGGTATAGGTATG-1,ROI2
TTGTTAGCAAATTCGA-1,ROI1
TTGTTCAGTGTGCTAC-1,ROI1
TTGTTGTGTGTCAAGA-1,ROI1
